partner_id,partner_segment,region,channel,price_band,quality_score,eligible_for_test,treatment_group,baseline_commission_rate,test_incentive_rate,bookings_before,bookings_after,adr,gross_revenue_before,gross_revenue_after,platform_margin_before,platform_margin_after,cancellation_rate_before,cancellation_rate_after,cannibalization_pressure,booking_delta,revenue_delta,margin_delta
100000,Premium,West Europe,Affiliate,Upscale,72.1,0,0,0.175,0.0,364,399,204.27,74354.87,81504.37,13012.1,14263.27,0.1017,0.0976,0.01,35,7149.5,1251.17
100001,Core,West Europe,Affiliate,Midscale,83.9,1,1,0.165,0.025,268,290,162.27,43489.31,47059.33,7175.74,6588.31,0.1035,0.0947,0.025,22,3570.020000000004,-587.4299999999994
100002,Long Tail,North Europe,Direct,Midscale,77.1,0,0,0.15,0.0,103,107,106.2,10938.98,11363.79,1640.85,1704.57,0.1044,0.1078,0.01,4,424.8100000000013,63.72000000000003
100003,Premium,West Europe,Mobile,Upscale,68.3,0,0,0.175,0.0,289,267,171.91,49683.17,45901.06,8694.55,8032.69,0.1032,0.1081,0.01,-22,-3782.1100000000006,-661.8599999999997
100004,Growth,Central Europe,Mobile,Midscale,68.4,1,0,0.155,0.0,117,114,131.24,15355.63,14961.9,2380.12,2319.09,0.0953,0.0979,0.01,-3,-393.72999999999956,-61.029999999999745
100005,Long Tail,South Europe,Mobile,Midscale,92.5,0,0,0.15,0.0,82,80,143.35,11755.06,11468.35,1763.26,1720.25,0.098,0.1029,0.01,-2,-286.7099999999991,-43.00999999999999
100006,Premium,West Europe,Direct,Budget,76.4,0,0,0.175,0.0,122,130,102.87,12549.67,13372.6,2196.19,2340.21,0.1241,0.1305,0.01,8,822.9300000000003,144.01999999999998
100007,Premium,North Europe,Direct,Budget,94.4,0,0,0.175,0.0,307,275,70.36,21600.79,19349.24,3780.14,3386.12,0.1022,0.0989,0.01,-32,-2251.5499999999993,-394.02
100008,Growth,West Europe,Direct,Upscale,72.9,1,0,0.155,0.0,280,331,283.5,79379.02,93837.34,12303.75,14544.79,0.0694,0.0704,0.01,51,14458.319999999992,2241.040000000001
100009,Core,West Europe,Direct,Midscale,80.9,1,1,0.165,0.025,267,254,157.69,42104.17,40054.15,6947.19,5607.58,0.1227,0.1345,0.025,-13,-2050.019999999997,-1339.6099999999997
100010,Core,South Europe,Direct,Midscale,98.0,1,0,0.165,0.0,155,155,130.9,20289.45,20289.45,3347.76,3347.76,0.0622,0.0639,0.01,0,0.0,0.0
100011,Long Tail,Central Europe,Direct,Midscale,67.4,0,0,0.15,0.0,50,45,131.98,6598.81,5938.93,989.82,890.84,0.0862,0.0867,0.01,-5,-659.8800000000001,-98.98000000000002
100012,Core,Central Europe,Mobile,Budget,59.0,0,0,0.165,0.0,116,102,101.75,11803.08,10378.57,1947.51,1712.46,0.1102,0.1114,0.01,-14,-1424.5100000000002,-235.04999999999995
100013,Premium,Central Europe,Direct,Upscale,90.9,0,0,0.175,0.0,173,159,195.06,33746.15,31015.25,5905.58,5427.67,0.0998,0.0972,0.01,-14,-2730.9000000000015,-477.90999999999985
100014,Core,Central Europe,Mobile,Budget,69.7,1,1,0.165,0.025,187,177,96.37,18020.26,17056.61,2973.34,2387.92,0.116,0.1226,0.01,-10,-963.6499999999978,-585.4200000000001
100015,Growth,Central Europe,Affiliate,Midscale,77.8,1,0,0.155,0.0,217,209,147.35,31974.55,30795.77,4956.06,4773.34,0.0872,0.0897,0.01,-8,-1178.7799999999988,-182.72000000000025
100016,Core,North Europe,Mobile,Midscale,72.1,1,0,0.165,0.0,173,158,113.4,19617.61,17916.66,3236.91,2956.25,0.1208,0.1147,0.01,-15,-1700.9500000000007,-280.65999999999985
100017,Growth,North Europe,Affiliate,Budget,80.7,1,0,0.155,0.0,255,271,98.98,25240.85,26824.59,3912.33,4157.81,0.0939,0.0921,0.01,16,1583.7400000000016,245.48000000000047
100018,Premium,West Europe,Affiliate,Budget,68.5,0,0,0.175,0.0,491,456,95.91,47093.96,43736.96,8241.44,7653.97,0.0896,0.0801,0.01,-35,-3357.0,-587.4700000000003
100019,Core,West Europe,Affiliate,Midscale,76.2,1,0,0.165,0.0,177,163,139.09,24619.61,22672.29,4062.24,3740.93,0.0776,0.0789,0.025,-14,-1947.3199999999997,-321.30999999999995
100020,Premium,North Europe,Corporate,Budget,82.5,0,0,0.175,0.0,268,259,92.66,24831.84,23997.93,4345.57,4199.64,0.0986,0.1056,0.01,-9,-833.9099999999999,-145.92999999999938
100021,Core,Central Europe,Affiliate,Budget,67.9,1,1,0.165,0.025,180,202,77.96,14032.85,15747.97,2315.42,2204.72,0.1025,0.0801,0.01,22,1715.119999999999,-110.70000000000027
100022,Long Tail,South Europe,Affiliate,Midscale,71.0,0,0,0.15,0.0,101,103,139.28,14066.97,14345.52,2110.05,2151.83,0.0667,0.0426,0.01,2,278.5500000000011,41.779999999999745
100023,Long Tail,West Europe,Affiliate,Midscale,74.5,0,0,0.15,0.0,158,157,109.82,17351.37,17241.55,2602.71,2586.23,0.1184,0.1255,0.025,-1,-109.81999999999971,-16.480000000000018
100024,Premium,North Europe,Mobile,Midscale,63.7,0,0,0.175,0.0,193,168,127.08,24525.85,21348.93,4292.02,3736.06,0.0972,0.0986,0.01,-25,-3176.9199999999983,-555.9600000000005
100025,Growth,West Europe,Direct,Budget,73.8,1,0,0.155,0.0,154,138,72.29,11133.0,9976.33,1725.62,1546.33,0.1378,0.1259,0.01,-16,-1156.67,-179.28999999999996
100026,Core,North Europe,Affiliate,Upscale,79.2,1,1,0.165,0.025,150,138,295.95,44393.21,40841.76,7324.88,5717.85,0.0569,0.0575,0.01,-12,-3551.449999999997,-1607.0299999999997
100027,Growth,Central Europe,Affiliate,Budget,74.0,1,1,0.155,0.025,286,347,77.58,22187.4,26919.68,3439.05,3499.56,0.0933,0.0913,0.01,61,4732.279999999999,60.50999999999976
100028,Growth,South Europe,Corporate,Budget,75.3,1,1,0.155,0.025,255,291,82.29,20983.22,23945.55,3252.4,3112.92,0.0788,0.0515,0.01,36,2962.329999999998,-139.48000000000002
100029,Premium,South Europe,Affiliate,Budget,77.8,0,0,0.175,0.0,198,183,92.62,18339.19,16949.86,3209.36,2966.23,0.0692,0.0685,0.01,-15,-1389.329999999998,-243.1300000000001
100030,Premium,West Europe,Affiliate,Budget,71.4,0,0,0.175,0.0,264,251,82.33,21736.2,20665.86,3803.84,3616.53,0.0884,0.0612,0.01,-13,-1070.3400000000001,-187.30999999999995
100031,Long Tail,West Europe,Corporate,Budget,84.9,0,0,0.15,0.0,139,129,77.83,10818.27,10039.98,1622.74,1506.0,0.1299,0.1321,0.01,-10,-778.2900000000009,-116.74000000000001
100032,Core,West Europe,Affiliate,Budget,92.4,1,1,0.165,0.025,236,225,81.58,19252.8,18355.43,3176.71,2569.76,0.081,0.0738,0.01,-11,-897.369999999999,-606.9499999999998
100033,Core,South Europe,Direct,Budget,73.4,1,1,0.165,0.025,150,161,94.51,14177.02,15216.67,2339.21,2130.33,0.0787,0.0779,0.01,11,1039.6499999999996,-208.8800000000001
100034,Core,South Europe,Direct,Midscale,82.9,1,1,0.165,0.025,136,137,118.04,16053.63,16171.67,2648.85,2264.03,0.0422,0.0645,0.01,1,118.04000000000087,-384.8199999999997
100035,Growth,North Europe,Direct,Upscale,75.6,1,0,0.155,0.0,190,226,235.81,44803.16,53292.18,6944.49,8260.29,0.053,0.0514,0.01,36,8489.019999999997,1315.800000000001
100036,Growth,Central Europe,Direct,Budget,81.7,1,1,0.155,0.025,158,191,82.14,12978.75,15689.51,2011.71,2039.64,0.0759,0.0978,0.01,33,2710.76,27.930000000000064
100037,Core,North Europe,Direct,Budget,93.7,1,1,0.165,0.025,151,174,94.1,14209.73,16374.13,2344.61,2292.38,0.0601,0.07,0.01,23,2164.3999999999996,-52.23000000000002
100038,Growth,Central Europe,Mobile,Upscale,83.1,1,0,0.155,0.0,131,139,253.82,33250.38,35280.93,5153.81,5468.54,0.0821,0.0973,0.01,8,2030.550000000003,314.72999999999956
100039,Core,North Europe,Mobile,Upscale,60.3,0,0,0.165,0.0,70,67,238.98,16728.32,16011.39,2760.17,2641.88,0.0562,0.0533,0.01,-3,-716.9300000000003,-118.28999999999996
100040,Core,West Europe,Direct,Midscale,82.5,1,1,0.165,0.025,169,181,127.27,21508.48,23035.71,3548.9,3225.0,0.086,0.0862,0.025,12,1527.2299999999996,-323.9000000000001
100041,Premium,Central Europe,Affiliate,Budget,90.3,0,0,0.175,0.0,378,366,78.67,29738.18,28794.11,5204.18,5038.97,0.1053,0.0918,0.01,-12,-944.0699999999997,-165.21000000000004
100042,Premium,North Europe,Direct,Midscale,75.8,0,0,0.175,0.0,312,358,118.04,36829.74,42259.77,6445.2,7395.46,0.1364,0.1456,0.01,46,5430.029999999999,950.2600000000002
100043,Core,West Europe,Corporate,Budget,88.0,1,0,0.165,0.0,358,371,63.57,22756.99,23583.36,3754.9,3891.26,0.0349,0.02,0.01,13,826.369999999999,136.36000000000013
100044,Premium,West Europe,Direct,Budget,71.1,0,0,0.175,0.0,155,159,67.49,10460.3,10730.25,1830.55,1877.79,0.081,0.0826,0.01,4,269.9500000000007,47.24000000000001
100045,Premium,West Europe,Affiliate,Midscale,63.1,0,0,0.175,0.0,266,269,144.26,38373.77,38806.56,6715.41,6791.15,0.0885,0.0815,0.025,3,432.7900000000009,75.73999999999978
100046,Core,South Europe,Direct,Midscale,79.4,1,1,0.165,0.025,187,223,104.64,19567.76,23334.81,3228.68,3266.87,0.0954,0.1178,0.01,36,3767.050000000003,38.190000000000055
100047,Core,Central Europe,Affiliate,Midscale,60.4,0,0,0.165,0.0,130,113,153.54,19960.09,17349.92,3293.41,2862.74,0.0824,0.0691,0.01,-17,-2610.170000000002,-430.6700000000001
100048,Premium,Central Europe,Direct,Midscale,75.6,0,0,0.175,0.0,328,382,114.98,37713.16,43922.03,6599.8,7686.36,0.1381,0.1306,0.01,54,6208.869999999995,1086.5599999999995
100049,Growth,West Europe,Mobile,Budget,90.9,1,0,0.155,0.0,223,219,99.17,22115.24,21718.56,3427.86,3366.38,0.0801,0.0802,0.01,-4,-396.6800000000003,-61.48000000000002
100050,Growth,West Europe,Direct,Midscale,58.9,0,0,0.155,0.0,93,81,130.36,12123.37,10559.07,1879.12,1636.66,0.1115,0.1143,0.025,-12,-1564.300000000001,-242.4599999999998
100051,Growth,West Europe,Corporate,Midscale,65.2,0,0,0.155,0.0,259,241,125.32,32459.04,30203.2,5031.15,4681.5,0.1474,0.1379,0.025,-18,-2255.84,-349.64999999999964
100052,Premium,West Europe,Affiliate,Upscale,67.7,0,0,0.175,0.0,250,213,102.53,25633.06,21839.37,4485.79,3821.89,0.1044,0.1033,0.01,-37,-3793.6900000000023,-663.9000000000001
100053,Core,North Europe,Mobile,Budget,77.4,1,1,0.165,0.025,202,221,75.07,15163.44,16589.7,2501.97,2322.56,0.104,0.1191,0.01,19,1426.2600000000002,-179.40999999999985
100054,Premium,Central Europe,Mobile,Midscale,74.3,0,0,0.175,0.0,148,134,156.41,23148.05,20958.37,4050.91,3667.72,0.0786,0.0587,0.01,-14,-2189.6800000000003,-383.19000000000005
100055,Premium,Central Europe,Corporate,Budget,92.0,0,0,0.175,0.0,283,287,85.38,24161.4,24502.9,4228.24,4288.01,0.0435,0.0434,0.01,4,341.5,59.77000000000044
100056,Core,South Europe,Direct,Budget,87.5,1,0,0.165,0.0,339,374,78.25,26527.84,29266.7,4377.09,4829.01,0.0675,0.0561,0.01,35,2738.8600000000006,451.9200000000001
100057,Core,West Europe,Direct,Midscale,83.0,1,1,0.165,0.025,226,217,148.45,33549.65,32213.61,5535.69,4509.9,0.1425,0.1457,0.025,-9,-1336.0400000000009,-1025.79
100058,Growth,West Europe,Direct,Budget,79.5,1,0,0.155,0.0,121,118,96.1,11628.36,11340.06,1802.4,1757.71,0.1075,0.1107,0.01,-3,-288.3000000000011,-44.690000000000055
100059,Growth,West Europe,Direct,Midscale,81.9,1,1,0.155,0.025,254,245,137.96,35042.92,33801.24,5431.65,4394.16,0.0958,0.1262,0.025,-9,-1241.6800000000003,-1037.4899999999998
100060,Core,West Europe,Affiliate,Midscale,69.4,1,0,0.165,0.0,206,199,174.64,35975.04,34752.59,5935.88,5734.18,0.0785,0.0639,0.025,-7,-1222.4500000000044,-201.69999999999982
100061,Core,West Europe,Corporate,Budget,86.6,1,1,0.165,0.025,266,337,94.97,25262.51,32005.51,4168.31,4480.77,0.1066,0.1166,0.01,71,6743.0,312.46000000000004
100062,Core,North Europe,Corporate,Budget,66.9,0,0,0.165,0.0,200,214,65.76,13151.2,14071.78,2169.95,2321.84,0.0717,0.0828,0.01,14,920.5799999999999,151.89000000000033
100063,Premium,North Europe,Affiliate,Midscale,86.4,0,0,0.175,0.0,176,172,140.53,24733.76,24171.63,4328.41,4230.03,0.0449,0.0217,0.01,-4,-562.1299999999974,-98.38000000000011
100064,Core,Central Europe,Affiliate,Upscale,89.9,1,0,0.165,0.0,215,203,296.95,63843.95,60280.57,10534.25,9946.29,0.0662,0.0485,0.01,-12,-3563.3799999999974,-587.9599999999991
100065,Core,West Europe,Mobile,Midscale,80.1,1,0,0.165,0.0,179,178,107.47,19237.62,19130.15,3174.21,3156.47,0.1399,0.147,0.025,-1,-107.46999999999753,-17.740000000000236
100066,Core,Central Europe,Corporate,Midscale,76.2,1,0,0.165,0.0,205,207,133.02,27268.77,27534.81,4499.35,4543.24,0.1427,0.1393,0.01,2,266.0400000000009,43.88999999999942
100067,Core,North Europe,Direct,Budget,82.0,1,1,0.165,0.025,285,284,88.68,25273.71,25185.03,4170.16,3525.9,0.0776,0.08,0.01,-1,-88.68000000000029,-644.2599999999998
100068,Growth,West Europe,Affiliate,Midscale,49.4,0,0,0.155,0.0,134,140,125.85,16863.38,17618.46,2613.82,2730.86,0.1083,0.1157,0.025,6,755.0799999999981,117.03999999999996
100069,Core,North Europe,Mobile,Budget,81.0,1,0,0.165,0.0,361,330,72.92,26324.89,24064.31,4343.61,3970.61,0.049,0.0526,0.01,-31,-2260.579999999998,-372.99999999999955
100070,Growth,West Europe,Direct,Midscale,76.9,1,1,0.155,0.025,245,243,135.47,33189.85,32918.91,5144.43,4279.46,0.0965,0.1097,0.025,-2,-270.93999999999505,-864.9700000000003
100071,Core,North Europe,Direct,Midscale,77.5,1,0,0.165,0.0,258,267,152.02,39221.48,40589.67,6471.54,6697.29,0.0979,0.1038,0.01,9,1368.189999999995,225.75
100072,Long Tail,North Europe,Corporate,Midscale,85.1,0,0,0.15,0.0,176,157,149.59,26327.57,23485.39,3949.14,3522.81,0.1052,0.0899,0.01,-19,-2842.1800000000003,-426.3299999999999
100073,Growth,Central Europe,Corporate,Budget,77.3,1,1,0.155,0.025,242,281,97.84,23677.14,27492.88,3669.96,3574.07,0.1169,0.1505,0.01,39,3815.7400000000016,-95.88999999999987
100074,Growth,West Europe,Corporate,Budget,66.6,0,0,0.155,0.0,238,238,80.89,19252.09,19252.09,2984.07,2984.07,0.1011,0.1061,0.01,0,0.0,0.0
100075,Core,South Europe,Mobile,Budget,76.6,1,0,0.165,0.0,49,41,79.16,3878.98,3245.68,640.03,535.54,0.1088,0.0989,0.01,-8,-633.3000000000002,-104.49000000000001
100076,Core,West Europe,Direct,Midscale,78.7,1,0,0.165,0.0,248,250,131.88,32705.84,32969.6,5396.46,5439.98,0.0751,0.0847,0.025,2,263.7599999999984,43.51999999999953
100077,Core,West Europe,Direct,Upscale,79.1,1,0,0.165,0.0,141,120,261.18,36825.68,31341.01,6076.24,5171.27,0.1055,0.1324,0.01,-21,-5484.670000000002,-904.9699999999993
100078,Core,West Europe,Affiliate,Budget,79.6,1,0,0.165,0.0,192,204,89.52,17186.97,18261.15,2835.85,3013.09,0.0789,0.0762,0.01,12,1074.1800000000003,177.24000000000024
100079,Premium,North Europe,Affiliate,Midscale,88.4,0,0,0.175,0.0,288,282,124.25,35785.42,35039.89,6262.45,6131.98,0.0933,0.0999,0.01,-6,-745.5299999999988,-130.47000000000025
100080,Core,Central Europe,Affiliate,Midscale,67.1,1,0,0.165,0.0,260,303,168.97,43932.01,51197.69,7248.78,8447.62,0.1149,0.1097,0.01,43,7265.68,1198.840000000001
100081,Core,Central Europe,Affiliate,Budget,79.8,1,0,0.165,0.0,142,156,80.33,11407.18,12531.83,1882.18,2067.75,0.0931,0.0941,0.01,14,1124.6499999999996,185.56999999999994
100082,Premium,South Europe,Direct,Budget,90.9,0,0,0.175,0.0,220,199,92.41,20330.31,18389.69,3557.8,3218.2,0.0989,0.0808,0.01,-21,-1940.6200000000026,-339.60000000000036
100083,Growth,West Europe,Mobile,Budget,60.7,0,0,0.155,0.0,167,137,105.03,17540.79,14389.75,2718.82,2230.41,0.0733,0.0733,0.01,-30,-3151.040000000001,-488.4100000000003
100084,Growth,North Europe,Direct,Midscale,79.8,1,1,0.155,0.025,232,238,148.62,34479.98,35371.7,5344.4,4598.32,0.0647,0.09,0.01,6,891.7199999999939,-746.0799999999999
100085,Growth,Central Europe,Direct,Midscale,72.1,1,1,0.155,0.025,187,184,136.62,25548.6,25138.73,3960.03,3268.03,0.0931,0.104,0.01,-3,-409.869999999999,-692.0
100086,Premium,West Europe,Direct,Midscale,74.3,0,0,0.175,0.0,280,326,130.82,36628.23,42645.72,6409.94,7463.0,0.0614,0.0398,0.025,46,6017.489999999998,1053.0600000000004
100087,Core,North Europe,Direct,Upscale,69.0,1,0,0.165,0.0,93,93,186.45,17339.92,17339.92,2861.09,2861.09,0.0932,0.0898,0.01,0,0.0,0.0
100088,Growth,West Europe,Mobile,Midscale,76.3,1,1,0.155,0.025,201,234,125.29,25184.2,29318.92,3903.55,3811.46,0.0859,0.0978,0.025,33,4134.7199999999975,-92.09000000000015
100089,Core,South Europe,Direct,Upscale,96.4,1,0,0.165,0.0,372,362,177.38,65985.86,64212.05,10887.67,10594.99,0.1056,0.1027,0.01,-10,-1773.8099999999977,-292.6800000000003
100090,Growth,South Europe,Direct,Midscale,65.4,0,0,0.155,0.0,178,175,139.49,24829.73,24411.25,3848.61,3783.74,0.1109,0.1089,0.01,-3,-418.47999999999956,-64.87000000000035
100091,Premium,South Europe,Mobile,Upscale,66.3,0,0,0.175,0.0,251,250,227.11,57005.0,56777.89,9975.87,9936.13,0.1321,0.1221,0.01,-1,-227.11000000000058,-39.7400000000016
100092,Core,South Europe,Affiliate,Upscale,65.0,0,0,0.165,0.0,242,266,275.58,66691.22,73305.22,11004.05,12095.36,0.1153,0.1041,0.01,24,6614.0,1091.3100000000013
100093,Core,North Europe,Direct,Midscale,95.3,1,0,0.165,0.0,249,256,150.62,37505.13,38559.49,6188.35,6362.32,0.0607,0.0388,0.01,7,1054.3600000000006,173.96999999999935
100094,Core,Central Europe,Direct,Midscale,73.4,1,0,0.165,0.0,353,319,115.06,40616.58,36704.51,6701.74,6056.24,0.1018,0.0943,0.01,-34,-3912.0699999999997,-645.5
100095,Core,West Europe,Direct,Upscale,77.7,1,0,0.165,0.0,200,229,212.29,42458.61,48615.11,7005.67,8021.49,0.1119,0.1,0.01,29,6156.5,1015.8199999999997
100096,Core,South Europe,Mobile,Midscale,74.0,1,0,0.165,0.0,233,227,123.36,28743.73,28003.55,4742.72,4620.59,0.1276,0.1291,0.01,-6,-740.1800000000003,-122.13000000000011
100097,Growth,North Europe,Direct,Midscale,68.6,1,1,0.155,0.025,217,229,111.41,24177.02,25514.0,3747.44,3316.82,0.1005,0.0855,0.01,12,1336.9799999999996,-430.6199999999999
100098,Growth,Central Europe,Direct,Midscale,75.6,1,1,0.155,0.025,330,277,157.34,51923.71,43584.45,8048.17,5665.98,0.0548,0.0578,0.01,-53,-8339.260000000002,-2382.1900000000005
100099,Long Tail,West Europe,Direct,Upscale,98.0,0,0,0.15,0.0,130,137,234.39,30470.13,32110.82,4570.52,4816.62,0.03,0.0246,0.01,7,1640.6899999999987,246.09999999999945
100100,Long Tail,North Europe,Affiliate,Midscale,91.9,0,0,0.15,0.0,281,284,119.62,33614.3,33973.17,5042.14,5095.98,0.0697,0.0691,0.01,3,358.86999999999534,53.839999999999236
100101,Premium,West Europe,Direct,Midscale,69.5,0,0,0.175,0.0,176,178,162.62,28620.94,28946.18,5008.66,5065.58,0.0444,0.038,0.025,2,325.2400000000016,56.92000000000007
100102,Core,North Europe,Mobile,Midscale,84.5,1,1,0.165,0.025,356,356,122.45,43591.2,43591.2,7192.55,6102.77,0.131,0.1716,0.01,0,0.0,-1089.7799999999997
100103,Long Tail,North Europe,Direct,Upscale,69.7,0,0,0.15,0.0,86,82,206.48,17757.07,16931.16,2663.56,2539.67,0.1175,0.1185,0.01,-4,-825.9099999999999,-123.88999999999987
100104,Premium,South Europe,Affiliate,Budget,60.2,0,0,0.175,0.0,259,250,95.72,24792.33,23930.82,4338.66,4187.89,0.0972,0.11,0.01,-9,-861.510000000002,-150.76999999999953
100105,Premium,West Europe,Direct,Midscale,88.2,0,0,0.175,0.0,254,265,153.32,38944.53,40631.11,6815.29,7110.44,0.0543,0.0558,0.025,11,1686.5800000000017,295.14999999999964
100106,Core,Central Europe,Direct,Midscale,89.6,1,0,0.165,0.0,285,301,153.63,43784.04,46242.09,7224.37,7629.94,0.1061,0.0988,0.01,16,2458.0499999999956,405.5699999999997
100107,Core,West Europe,Direct,Upscale,88.5,1,0,0.165,0.0,243,238,223.01,54191.76,53076.7,8941.64,8757.66,0.0539,0.0524,0.01,-5,-1115.060000000005,-183.97999999999956
100108,Growth,South Europe,Mobile,Upscale,73.3,1,1,0.155,0.025,275,325,176.84,48629.81,57471.6,7537.62,7471.31,0.0731,0.0886,0.01,50,8841.79,-66.30999999999949
100109,Long Tail,West Europe,Mobile,Midscale,76.3,0,0,0.15,0.0,89,88,136.62,12159.09,12022.47,1823.86,1803.37,0.076,0.0744,0.025,-1,-136.6200000000008,-20.49000000000001
100110,Core,South Europe,Direct,Midscale,85.5,1,0,0.165,0.0,111,106,123.46,13704.47,13087.15,2261.24,2159.38,0.0879,0.0831,0.01,-5,-617.3199999999997,-101.85999999999967
100111,Growth,South Europe,Direct,Budget,81.9,1,0,0.155,0.0,141,144,111.37,15702.49,16036.58,2433.89,2485.67,0.1045,0.0933,0.01,3,334.09000000000015,51.7800000000002
100112,Core,West Europe,Corporate,Upscale,74.1,1,0,0.165,0.0,120,105,261.35,31361.63,27441.43,5174.67,4527.84,0.1275,0.1185,0.01,-15,-3920.2000000000007,-646.8299999999999
100113,Core,Central Europe,Affiliate,Budget,61.8,0,0,0.165,0.0,117,119,77.15,9026.99,9181.29,1489.45,1514.91,0.1374,0.1325,0.01,2,154.3000000000011,25.460000000000036
100114,Growth,West Europe,Direct,Midscale,79.1,1,0,0.155,0.0,174,150,119.75,20836.03,17962.1,3229.58,2784.12,0.0921,0.104,0.025,-24,-2873.9300000000003,-445.46000000000004
100115,Long Tail,North Europe,Direct,Midscale,88.8,0,0,0.15,0.0,115,104,135.88,15625.77,14131.14,2343.87,2119.67,0.1069,0.12,0.01,-11,-1494.630000000001,-224.19999999999982
100116,Premium,South Europe,Mobile,Midscale,66.0,0,0,0.175,0.0,219,179,128.4,28119.05,22983.15,4920.83,4022.05,0.0899,0.0787,0.01,-40,-5135.899999999998,-898.7799999999997
100117,Premium,Central Europe,Mobile,Budget,84.4,0,0,0.175,0.0,183,180,99.1,18135.41,17838.11,3173.7,3121.67,0.0407,0.0345,0.01,-3,-297.2999999999993,-52.029999999999745
100118,Core,North Europe,Affiliate,Budget,81.3,1,1,0.165,0.025,151,178,83.1,12547.38,14790.95,2070.32,2070.73,0.0729,0.0532,0.01,27,2243.5700000000015,0.4099999999998545
100119,Core,West Europe,Corporate,Upscale,85.5,1,0,0.165,0.0,190,188,193.39,36743.29,36356.52,6062.64,5998.83,0.0648,0.0746,0.01,-2,-386.7700000000041,-63.8100000000004
100120,Core,Central Europe,Affiliate,Midscale,86.7,1,0,0.165,0.0,294,311,114.04,33528.99,35467.74,5532.28,5852.18,0.0678,0.0696,0.01,17,1938.75,319.90000000000055
100121,Core,South Europe,Direct,Budget,71.1,1,1,0.165,0.025,159,198,109.28,17375.2,21637.04,2866.91,3029.19,0.0771,0.0789,0.01,39,4261.84,162.2800000000002
100122,Growth,Central Europe,Affiliate,Midscale,61.8,0,0,0.155,0.0,187,194,100.6,18811.51,19515.69,2915.78,3024.93,0.0998,0.1062,0.01,7,704.1800000000003,109.14999999999964
100123,Core,West Europe,Direct,Budget,72.7,1,1,0.165,0.025,195,188,74.55,14536.61,14014.78,2398.54,1962.07,0.1148,0.1066,0.01,-7,-521.8299999999999,-436.47
100124,Growth,South Europe,Direct,Upscale,86.9,1,0,0.155,0.0,160,151,170.5,27279.58,25745.1,4228.33,3990.49,0.1263,0.1427,0.01,-9,-1534.4800000000032,-237.84000000000015
100125,Core,West Europe,Direct,Budget,72.6,1,0,0.165,0.0,166,166,95.68,15882.46,15882.46,2620.61,2620.61,0.0562,0.0562,0.01,0,0.0,0.0
100126,Core,Central Europe,Direct,Budget,71.1,1,1,0.165,0.025,144,141,62.8,9042.5,8854.12,1492.01,1239.58,0.0689,0.0753,0.01,-3,-188.3799999999992,-252.43000000000006
100127,Growth,West Europe,Mobile,Budget,59.8,0,0,0.155,0.0,257,244,78.46,20165.24,19145.21,3125.61,2967.51,0.0938,0.091,0.01,-13,-1020.0300000000025,-158.0999999999999
100128,Growth,South Europe,Direct,Midscale,95.5,1,0,0.155,0.0,321,349,147.69,47408.96,51544.33,7348.39,7989.37,0.093,0.1078,0.01,28,4135.370000000003,640.9799999999996
100129,Core,West Europe,Direct,Midscale,86.3,1,0,0.165,0.0,155,169,130.98,20301.27,22134.94,3349.71,3652.26,0.079,0.0739,0.025,14,1833.6699999999983,302.5500000000002
100130,Growth,West Europe,Affiliate,Midscale,85.7,1,0,0.155,0.0,220,187,117.68,25890.35,22006.8,4013.0,3411.05,0.0667,0.0781,0.025,-33,-3883.5499999999993,-601.9499999999998
100131,Long Tail,South Europe,Affiliate,Midscale,87.7,0,0,0.15,0.0,174,161,137.51,23926.84,22139.2,3589.03,3320.88,0.1005,0.093,0.01,-13,-1787.6399999999994,-268.1500000000001
100132,Core,West Europe,Mobile,Midscale,83.8,1,0,0.165,0.0,226,217,107.22,24231.98,23266.99,3998.28,3839.05,0.1108,0.1016,0.025,-9,-964.989999999998,-159.23000000000002
100133,Core,Central Europe,Mobile,Budget,75.6,1,1,0.165,0.025,222,242,75.9,16850.76,18368.85,2780.38,2571.64,0.0956,0.0963,0.01,20,1518.0900000000001,-208.74000000000024
100134,Core,West Europe,Mobile,Budget,76.4,1,1,0.165,0.025,136,155,96.21,13085.19,14913.27,2159.06,2087.86,0.0747,0.1083,0.01,19,1828.08,-71.19999999999982
100135,Growth,South Europe,Direct,Upscale,73.7,1,1,0.155,0.025,359,480,199.74,71705.39,95873.51,11114.34,12463.56,0.1048,0.0956,0.01,121,24168.119999999995,1349.2199999999993
100136,Long Tail,West Europe,Affiliate,Budget,98.0,0,0,0.15,0.0,121,116,102.15,12360.23,11849.48,1854.04,1777.42,0.0653,0.0695,0.01,-5,-510.75,-76.61999999999989
100137,Core,West Europe,Affiliate,Upscale,83.6,1,1,0.165,0.025,161,161,220.76,35541.96,35541.96,5864.42,4975.88,0.0811,0.0688,0.01,0,0.0,-888.54
100138,Premium,West Europe,Direct,Budget,73.4,0,0,0.175,0.0,141,148,78.52,11071.61,11621.27,1937.53,2033.72,0.0857,0.0848,0.01,7,549.6599999999999,96.19000000000005
100139,Growth,North Europe,Direct,Budget,82.7,1,1,0.155,0.025,209,216,57.03,11918.82,12318.02,1847.42,1601.34,0.1113,0.1269,0.01,7,399.2000000000007,-246.08000000000015
100140,Core,North Europe,Direct,Budget,67.9,1,1,0.165,0.025,267,273,59.32,15839.43,16195.37,2613.51,2267.35,0.1108,0.1082,0.01,6,355.9400000000005,-346.1600000000003
100141,Core,South Europe,Affiliate,Budget,93.0,1,1,0.165,0.025,240,239,56.3,13512.05,13455.75,2229.49,1883.81,0.1025,0.0892,0.01,-1,-56.29999999999927,-345.67999999999984
100142,Long Tail,South Europe,Direct,Midscale,71.4,0,0,0.15,0.0,122,93,171.67,20943.18,15964.88,3141.48,2394.73,0.1341,0.1296,0.01,-29,-4978.300000000001,-746.75
100143,Core,South Europe,Direct,Midscale,83.0,1,0,0.165,0.0,262,265,135.91,35608.43,36016.16,5875.39,5942.67,0.0992,0.1056,0.01,3,407.7300000000032,67.27999999999975
100144,Core,North Europe,Mobile,Budget,88.7,1,0,0.165,0.0,306,301,99.58,30470.89,29973.0,5027.7,4945.55,0.0688,0.0691,0.01,-5,-497.8899999999994,-82.14999999999964
100145,Core,West Europe,Corporate,Midscale,81.8,1,1,0.165,0.025,266,302,128.63,34214.88,38845.47,5645.46,5438.37,0.1151,0.1039,0.025,36,4630.590000000004,-207.09000000000015
100146,Core,North Europe,Direct,Midscale,78.9,1,0,0.165,0.0,95,95,159.17,15121.42,15121.42,2495.04,2495.04,0.1039,0.1019,0.01,0,0.0,0.0
100147,Core,South Europe,Corporate,Upscale,78.1,1,0,0.165,0.0,254,225,276.58,70250.7,62229.95,11591.37,10267.94,0.1583,0.148,0.01,-29,-8020.75,-1323.4300000000003
100148,Core,Central Europe,Direct,Upscale,77.4,1,0,0.165,0.0,228,223,250.99,57226.04,55971.09,9442.3,9235.23,0.1017,0.1057,0.01,-5,-1254.9500000000044,-207.0699999999997
100149,Growth,West Europe,Corporate,Midscale,72.2,1,1,0.155,0.025,153,136,83.48,12772.86,11353.65,1979.79,1475.98,0.1172,0.105,0.025,-17,-1419.210000000001,-503.80999999999995
100150,Premium,South Europe,Corporate,Midscale,73.5,0,0,0.175,0.0,271,241,110.32,29898.07,26588.32,5232.16,4652.96,0.1056,0.0947,0.01,-30,-3309.75,-579.1999999999998
100151,Long Tail,North Europe,Direct,Midscale,92.8,0,0,0.15,0.0,216,228,145.27,31377.65,33120.85,4706.65,4968.13,0.0744,0.0866,0.01,12,1743.199999999997,261.4800000000005
100152,Growth,West Europe,Mobile,Midscale,76.9,1,0,0.155,0.0,173,169,106.13,18359.86,17935.35,2845.78,2779.98,0.0881,0.0893,0.025,-4,-424.51000000000204,-65.80000000000018
100153,Core,North Europe,Corporate,Midscale,70.1,1,0,0.165,0.0,251,272,144.39,36242.62,39274.87,5980.03,6480.35,0.1094,0.1067,0.01,21,3032.25,500.3200000000006
100154,Growth,West Europe,Corporate,Budget,72.8,1,0,0.155,0.0,232,191,90.98,21107.37,17377.19,3271.64,2693.46,0.1121,0.1282,0.01,-41,-3730.1800000000003,-578.1799999999998
100155,Core,South Europe,Corporate,Midscale,89.0,1,0,0.165,0.0,64,63,123.97,7934.14,7810.17,1309.13,1288.68,0.11,0.0879,0.01,-1,-123.97000000000025,-20.450000000000045
100156,Core,Central Europe,Affiliate,Upscale,84.8,1,1,0.165,0.025,203,201,247.26,50193.64,49699.12,8281.95,6957.88,0.0935,0.1148,0.01,-2,-494.5199999999968,-1324.0700000000006
100157,Core,North Europe,Direct,Budget,83.6,1,0,0.165,0.0,224,243,70.56,15806.36,17147.08,2608.05,2829.27,0.0755,0.065,0.01,19,1340.7200000000012,221.2199999999998
100158,Premium,West Europe,Mobile,Upscale,75.4,0,0,0.175,0.0,210,223,197.63,41501.85,44071.02,7262.82,7712.43,0.088,0.0906,0.01,13,2569.1699999999983,449.6100000000006
100159,Premium,South Europe,Affiliate,Upscale,83.7,0,0,0.175,0.0,281,297,278.28,78195.61,82648.03,13684.23,14463.4,0.0539,0.0468,0.01,16,4452.419999999998,779.1700000000001
100160,Growth,Central Europe,Affiliate,Budget,71.6,1,0,0.155,0.0,196,223,103.78,20341.71,23143.88,3152.96,3587.3,0.142,0.1309,0.01,27,2802.170000000002,434.34000000000015
100161,Long Tail,South Europe,Direct,Midscale,75.4,0,0,0.15,0.0,270,261,128.27,34632.3,33477.89,5194.84,5021.68,0.0827,0.0985,0.01,-9,-1154.4100000000035,-173.15999999999985
100162,Growth,West Europe,Affiliate,Upscale,87.7,1,0,0.155,0.0,201,225,221.48,44517.03,49832.49,6900.14,7724.04,0.1067,0.129,0.01,24,5315.459999999999,823.8999999999996
100163,Growth,South Europe,Direct,Upscale,86.7,1,1,0.155,0.025,171,171,153.29,26213.41,26213.41,4063.08,3407.74,0.0905,0.0827,0.01,0,0.0,-655.3400000000001
100164,Core,West Europe,Mobile,Budget,68.2,1,1,0.165,0.025,243,228,98.06,23827.59,22356.75,3931.55,3129.95,0.1118,0.1244,0.01,-15,-1470.8400000000001,-801.6000000000004
100165,Core,Central Europe,Direct,Midscale,69.4,1,0,0.165,0.0,168,179,112.09,18831.58,20064.6,3107.21,3310.66,0.0999,0.1006,0.01,11,1233.0199999999968,203.44999999999982
100166,Premium,West Europe,Mobile,Midscale,79.1,0,0,0.175,0.0,234,202,136.6,31964.66,27593.42,5593.82,4828.85,0.0724,0.0932,0.025,-32,-4371.240000000002,-764.9699999999993
100167,Premium,South Europe,Mobile,Budget,95.3,0,0,0.175,0.0,252,265,107.85,27178.24,28580.29,4756.19,5001.55,0.0499,0.0246,0.01,13,1402.0499999999993,245.36000000000058
100168,Core,North Europe,Affiliate,Budget,58.8,0,0,0.165,0.0,222,224,78.38,17399.98,17556.74,2871.0,2896.86,0.1578,0.1624,0.01,2,156.76000000000204,25.860000000000127
100169,Long Tail,West Europe,Affiliate,Budget,80.8,0,0,0.15,0.0,91,100,82.49,7506.22,8248.59,1125.93,1237.29,0.0931,0.0844,0.01,9,742.3699999999999,111.3599999999999
100170,Core,Central Europe,Direct,Budget,64.2,0,0,0.165,0.0,240,239,74.67,17921.22,17846.55,2957.0,2944.68,0.1368,0.1085,0.01,-1,-74.67000000000189,-12.320000000000164
100171,Core,South Europe,Corporate,Midscale,71.7,1,0,0.165,0.0,225,226,144.27,32459.84,32604.1,5355.87,5379.68,0.135,0.1307,0.01,1,144.2599999999984,23.8100000000004
100172,Growth,West Europe,Mobile,Midscale,74.4,1,1,0.155,0.025,379,427,123.12,46662.99,52572.81,7232.76,6834.47,0.0871,0.0857,0.025,48,5909.82,-398.28999999999996
100173,Long Tail,Central Europe,Direct,Midscale,73.8,0,0,0.15,0.0,138,130,148.55,20500.02,19311.62,3075.0,2896.74,0.1086,0.1007,0.01,-8,-1188.4000000000015,-178.26000000000022
100174,Growth,Central Europe,Direct,Midscale,72.7,1,1,0.155,0.025,143,147,175.97,25164.4,25868.3,3900.48,3362.88,0.1004,0.0846,0.01,4,703.8999999999978,-537.5999999999999
100175,Growth,West Europe,Direct,Midscale,78.1,1,0,0.155,0.0,232,242,145.38,33727.56,35181.33,5227.77,5453.11,0.0643,0.0787,0.025,10,1453.770000000004,225.33999999999924
100176,Core,West Europe,Affiliate,Budget,72.6,1,0,0.165,0.0,211,210,90.74,19146.92,19056.17,3159.24,3144.27,0.0946,0.0945,0.01,-1,-90.75,-14.9699999999998
100177,Long Tail,West Europe,Corporate,Budget,63.4,0,0,0.15,0.0,181,174,111.69,20215.02,19433.22,3032.25,2914.98,0.1243,0.1257,0.01,-7,-781.7999999999993,-117.26999999999998
100178,Long Tail,South Europe,Mobile,Budget,85.8,0,0,0.15,0.0,97,96,75.69,7342.3,7266.61,1101.35,1089.99,0.0722,0.0516,0.01,-1,-75.69000000000051,-11.3599999999999
100179,Premium,West Europe,Direct,Budget,85.5,0,0,0.175,0.0,140,160,83.77,11727.51,13402.87,2052.31,2345.5,0.0768,0.0683,0.01,20,1675.3600000000006,293.19000000000005
100180,Long Tail,West Europe,Mobile,Budget,86.4,0,0,0.15,0.0,153,147,72.75,11130.83,10694.33,1669.62,1604.15,0.0796,0.0905,0.01,-6,-436.5,-65.4699999999998
100181,Long Tail,Central Europe,Direct,Budget,62.6,0,0,0.15,0.0,218,209,84.01,18313.36,17557.3,2747.0,2633.59,0.1632,0.164,0.01,-9,-756.0600000000013,-113.40999999999985
100182,Core,Central Europe,Mobile,Budget,81.0,1,0,0.165,0.0,253,214,57.16,14462.15,12232.81,2386.25,2018.41,0.0442,0.0486,0.01,-39,-2229.34,-367.8399999999999
100183,Core,Central Europe,Direct,Midscale,84.8,1,0,0.165,0.0,265,264,129.43,34298.48,34169.06,5659.25,5637.89,0.0984,0.1,0.01,-1,-129.42000000000553,-21.359999999999673
100184,Premium,Central Europe,Affiliate,Midscale,67.7,0,0,0.175,0.0,134,142,118.72,15907.97,16857.7,2783.89,2950.1,0.0985,0.1248,0.01,8,949.7300000000014,166.21000000000004
100185,Core,South Europe,Corporate,Upscale,78.1,1,1,0.165,0.025,200,222,310.8,62160.53,68998.19,10256.49,9659.75,0.0772,0.0805,0.01,22,6837.6600000000035,-596.7399999999998
100186,Core,South Europe,Direct,Midscale,76.8,1,1,0.165,0.025,296,309,114.15,33788.73,35272.69,5575.14,4938.18,0.0877,0.0878,0.01,13,1483.9599999999991,-636.96
100187,Growth,South Europe,Mobile,Midscale,96.4,1,1,0.155,0.025,274,324,125.16,34292.96,40550.8,5315.41,5271.6,0.0895,0.1015,0.01,50,6257.840000000004,-43.80999999999949
100188,Premium,West Europe,Corporate,Budget,97.2,0,0,0.175,0.0,147,157,92.19,13551.63,14473.51,2371.54,2532.86,0.0901,0.1104,0.01,10,921.880000000001,161.32000000000016
100189,Core,West Europe,Direct,Midscale,61.4,0,0,0.165,0.0,175,193,135.94,23789.66,26236.59,3925.29,4329.04,0.1165,0.1018,0.025,18,2446.9300000000003,403.75
100190,Long Tail,West Europe,Direct,Budget,98.0,0,0,0.15,0.0,187,204,89.17,16674.14,18189.97,2501.12,2728.5,0.0984,0.1006,0.01,17,1515.8300000000017,227.3800000000001
100191,Growth,South Europe,Mobile,Midscale,68.8,1,1,0.155,0.025,50,62,146.97,7348.39,9112.0,1139.0,1184.56,0.1352,0.1561,0.01,12,1763.6099999999997,45.559999999999945
100192,Growth,West Europe,Direct,Midscale,87.8,1,0,0.155,0.0,224,221,126.28,28286.22,27907.38,4384.36,4325.64,0.1028,0.1045,0.025,-3,-378.84000000000015,-58.719999999999345
100193,Premium,West Europe,Direct,Midscale,87.7,0,0,0.175,0.0,184,162,168.88,31073.32,27358.03,5437.83,4787.66,0.0689,0.0836,0.025,-22,-3715.290000000001,-650.1700000000001
100194,Growth,South Europe,Affiliate,Budget,68.0,1,1,0.155,0.025,270,312,74.49,20111.13,23239.53,3117.23,3021.14,0.1168,0.127,0.01,42,3128.399999999998,-96.09000000000015
100195,Growth,West Europe,Mobile,Midscale,82.9,1,0,0.155,0.0,192,205,158.13,30360.38,32416.03,4705.86,5024.48,0.1003,0.115,0.025,13,2055.649999999998,318.6199999999999
100196,Core,North Europe,Direct,Upscale,76.9,1,0,0.165,0.0,226,258,256.44,57954.46,66160.4,9562.49,10916.47,0.0741,0.0661,0.01,32,8205.939999999995,1353.9799999999996
100197,Long Tail,Central Europe,Direct,Midscale,83.5,0,0,0.15,0.0,139,155,116.28,16162.82,18023.28,2424.42,2703.49,0.0479,0.0381,0.01,16,1860.4599999999991,279.0699999999997
100198,Growth,Central Europe,Mobile,Midscale,80.3,1,1,0.155,0.025,186,236,130.75,24319.37,30856.84,3769.5,4011.39,0.0402,0.0602,0.01,50,6537.470000000001,241.88999999999987
100199,Core,North Europe,Affiliate,Midscale,90.0,1,0,0.165,0.0,406,429,143.55,58281.2,61582.85,9616.4,10161.17,0.0818,0.0813,0.01,23,3301.6500000000015,544.7700000000004
100200,Premium,North Europe,Mobile,Budget,78.8,0,0,0.175,0.0,196,200,108.8,21324.91,21760.11,3731.86,3808.02,0.0999,0.0977,0.01,4,435.2000000000007,76.15999999999985
100201,Long Tail,West Europe,Direct,Midscale,76.3,0,0,0.15,0.0,136,119,140.95,19168.72,16772.63,2875.31,2515.89,0.0657,0.0542,0.025,-17,-2396.09,-359.4200000000001
100202,Core,South Europe,Corporate,Midscale,89.0,1,1,0.165,0.025,211,224,130.05,27440.92,29131.59,4527.75,4078.42,0.1073,0.136,0.01,13,1690.670000000002,-449.3299999999999
100203,Growth,Central Europe,Mobile,Budget,83.8,1,1,0.155,0.025,240,251,64.26,15422.58,16129.45,2390.5,2096.83,0.0907,0.104,0.01,11,706.8700000000008,-293.6700000000001
100204,Growth,North Europe,Direct,Budget,85.3,1,1,0.155,0.025,421,469,67.61,28462.91,31708.09,4411.75,4122.05,0.1189,0.1112,0.01,48,3245.1800000000003,-289.6999999999998
100205,Growth,South Europe,Mobile,Upscale,71.4,1,1,0.155,0.025,253,278,232.26,58762.04,64568.56,9108.12,8393.91,0.11,0.1379,0.01,25,5806.519999999997,-714.210000000001
100206,Growth,North Europe,Affiliate,Midscale,67.5,1,0,0.155,0.0,169,176,138.61,23424.31,24394.55,3630.77,3781.15,0.0783,0.0861,0.01,7,970.239999999998,150.3800000000001
100207,Core,West Europe,Direct,Midscale,72.3,1,0,0.165,0.0,309,306,121.83,37644.18,37278.7,6211.29,6150.99,0.1111,0.1178,0.025,-3,-365.4800000000032,-60.30000000000018
100208,Growth,Central Europe,Direct,Midscale,71.8,1,1,0.155,0.025,270,318,122.79,33152.28,39046.02,5138.6,5075.98,0.117,0.1293,0.01,48,5893.739999999998,-62.6200000000008
100209,Core,North Europe,Mobile,Midscale,85.9,1,1,0.165,0.025,176,139,132.39,23300.83,18402.36,3844.64,2576.33,0.0709,0.0627,0.01,-37,-4898.470000000001,-1268.31
100210,Premium,North Europe,Direct,Midscale,87.8,0,0,0.175,0.0,396,403,134.02,53070.07,54008.18,9287.26,9451.43,0.0464,0.0696,0.01,7,938.1100000000006,164.17000000000007
100211,Core,West Europe,Direct,Budget,76.4,1,1,0.165,0.025,116,133,93.72,10871.16,12464.35,1793.74,1745.01,0.0976,0.0949,0.01,17,1593.1900000000005,-48.73000000000002
100212,Growth,South Europe,Direct,Midscale,92.3,1,0,0.155,0.0,157,183,142.13,22313.89,26009.18,3458.65,4031.42,0.0524,0.0632,0.01,26,3695.290000000001,572.77
100213,Premium,Central Europe,Direct,Midscale,91.7,0,0,0.175,0.0,138,147,95.08,13120.38,13976.06,2296.07,2445.81,0.1062,0.1145,0.01,9,855.6800000000003,149.73999999999978
100214,Premium,Central Europe,Direct,Budget,80.4,0,0,0.175,0.0,106,122,66.18,7015.38,8074.31,1227.69,1413.0,0.0804,0.0841,0.01,16,1058.9300000000003,185.30999999999995
100215,Premium,North Europe,Affiliate,Midscale,69.8,0,0,0.175,0.0,340,345,128.84,43806.14,44450.35,7666.07,7778.81,0.1456,0.1478,0.01,5,644.2099999999991,112.74000000000069
100216,Growth,North Europe,Direct,Budget,93.8,1,0,0.155,0.0,258,258,106.61,27506.3,27506.3,4263.48,4263.48,0.03,0.0366,0.01,0,0.0,0.0
100217,Growth,South Europe,Direct,Midscale,77.4,1,0,0.155,0.0,117,123,170.84,19988.56,21013.61,3098.23,3257.11,0.0974,0.1065,0.01,6,1025.0499999999993,158.8800000000001
100218,Long Tail,West Europe,Affiliate,Midscale,79.3,0,0,0.15,0.0,133,133,135.41,18010.19,18010.19,2701.53,2701.53,0.1277,0.1114,0.025,0,0.0,0.0
100219,Core,Central Europe,Direct,Midscale,74.6,1,1,0.165,0.025,263,254,138.89,36527.79,35277.79,6027.09,4938.89,0.0748,0.0875,0.01,-9,-1250.0,-1088.1999999999998
100220,Core,South Europe,Mobile,Midscale,69.1,1,1,0.165,0.025,140,138,124.37,17411.65,17162.91,2872.92,2402.81,0.0992,0.1023,0.01,-2,-248.7400000000016,-470.1100000000001
100221,Core,North Europe,Direct,Upscale,63.3,0,0,0.165,0.0,157,141,247.97,38930.89,34963.41,6423.6,5768.96,0.0996,0.0949,0.01,-16,-3967.479999999996,-654.6400000000003
100222,Core,Central Europe,Direct,Midscale,84.3,1,1,0.165,0.025,398,431,108.26,43089.24,46661.97,7109.72,6532.68,0.0692,0.0861,0.01,33,3572.730000000003,-577.04
100223,Long Tail,North Europe,Direct,Midscale,70.2,0,0,0.15,0.0,116,116,131.26,15226.63,15226.63,2283.99,2283.99,0.1082,0.0994,0.01,0,0.0,0.0
100224,Core,West Europe,Affiliate,Midscale,98.0,1,0,0.165,0.0,126,122,114.39,14412.61,13955.07,2378.08,2302.59,0.0387,0.022,0.025,-4,-457.5400000000009,-75.48999999999978
100225,Long Tail,West Europe,Direct,Budget,67.1,0,0,0.15,0.0,102,97,80.67,8227.84,7824.52,1234.18,1173.68,0.1026,0.1122,0.01,-5,-403.3199999999997,-60.5
100226,Growth,West Europe,Mobile,Budget,65.4,0,0,0.155,0.0,104,109,81.5,8475.62,8883.1,1313.72,1376.88,0.1202,0.1032,0.01,5,407.47999999999956,63.16000000000008
100227,Core,South Europe,Direct,Midscale,83.1,1,0,0.165,0.0,258,276,110.18,28427.45,30410.76,4690.53,5017.78,0.0823,0.0592,0.01,18,1983.3099999999977,327.25
100228,Core,South Europe,Affiliate,Budget,93.3,1,0,0.165,0.0,157,141,45.0,7065.0,6345.0,1165.73,1046.92,0.0513,0.0622,0.01,-16,-720.0,-118.80999999999995
100229,Growth,Central Europe,Affiliate,Midscale,78.6,1,0,0.155,0.0,155,137,153.27,23756.66,20997.82,3682.28,3254.66,0.1184,0.1203,0.01,-18,-2758.84,-427.62000000000035
100230,Growth,Central Europe,Direct,Midscale,83.7,1,0,0.155,0.0,451,490,164.02,73972.51,80369.24,11465.74,12457.23,0.1052,0.1109,0.01,39,6396.7300000000105,991.4899999999998
100231,Core,West Europe,Affiliate,Midscale,59.6,0,0,0.165,0.0,108,95,165.53,17877.23,15725.34,2949.74,2594.68,0.0878,0.0825,0.025,-13,-2151.8899999999994,-355.05999999999995
100232,Long Tail,North Europe,Direct,Budget,71.2,0,0,0.15,0.0,75,79,95.51,7162.91,7544.94,1074.44,1131.74,0.0685,0.0519,0.01,4,382.02999999999975,57.299999999999955
100233,Core,South Europe,Direct,Midscale,67.3,1,1,0.165,0.025,122,144,125.04,15254.5,18005.31,2516.99,2520.74,0.0815,0.1176,0.01,22,2750.8100000000013,3.75
100234,Long Tail,Central Europe,Direct,Midscale,59.0,0,0,0.15,0.0,160,183,112.18,17948.88,20529.03,2692.33,3079.35,0.128,0.1248,0.01,23,2580.149999999998,387.02
100235,Premium,West Europe,Mobile,Midscale,79.2,0,0,0.175,0.0,292,311,160.23,46786.69,49831.03,8187.67,8720.43,0.0989,0.0837,0.025,19,3044.3399999999965,532.7600000000002
100236,Core,West Europe,Corporate,Budget,55.6,0,0,0.165,0.0,136,145,69.34,9429.92,10053.96,1555.94,1658.9,0.138,0.1417,0.01,9,624.039999999999,102.96000000000004
100237,Premium,West Europe,Direct,Midscale,64.8,0,0,0.175,0.0,173,208,189.87,32847.25,39492.65,5748.27,6911.21,0.0999,0.0943,0.025,35,6645.4000000000015,1162.9399999999996
100238,Growth,North Europe,Affiliate,Budget,72.6,1,0,0.155,0.0,244,193,79.16,19315.34,15278.12,2993.88,2368.11,0.0762,0.0784,0.01,-51,-4037.2199999999993,-625.77
100239,Growth,South Europe,Mobile,Midscale,69.7,1,0,0.155,0.0,222,213,178.4,39605.62,37999.99,6138.87,5890.0,0.1255,0.1274,0.01,-9,-1605.6300000000047,-248.8699999999999
100240,Premium,West Europe,Direct,Midscale,82.0,0,0,0.175,0.0,232,250,131.55,30519.73,32887.65,5340.95,5755.34,0.0751,0.0797,0.025,18,2367.920000000002,414.3900000000003
100241,Premium,South Europe,Mobile,Upscale,81.1,0,0,0.175,0.0,299,290,216.97,64873.91,62921.18,11352.93,11011.21,0.0946,0.1006,0.01,-9,-1952.7300000000032,-341.72000000000116
100242,Growth,Central Europe,Affiliate,Budget,86.9,1,1,0.155,0.025,150,181,94.61,14191.36,17124.24,2199.66,2226.15,0.0447,0.0359,0.01,31,2932.880000000001,26.490000000000236
100243,Core,Central Europe,Corporate,Midscale,85.5,1,1,0.165,0.025,150,155,112.5,16874.27,17436.74,2784.25,2441.14,0.0707,0.0574,0.01,5,562.4700000000012,-343.1100000000001
100244,Core,West Europe,Corporate,Budget,89.4,1,0,0.165,0.0,264,267,92.97,24544.2,24823.12,4049.79,4095.81,0.1059,0.1087,0.01,3,278.91999999999825,46.01999999999998
100245,Long Tail,West Europe,Direct,Midscale,78.0,0,0,0.15,0.0,150,146,112.27,16841.17,16392.07,2526.18,2458.81,0.0754,0.0463,0.025,-4,-449.09999999999854,-67.36999999999989
100246,Core,South Europe,Direct,Midscale,81.0,1,0,0.165,0.0,85,81,107.94,9175.0,8743.24,1513.88,1442.63,0.1103,0.1181,0.01,-4,-431.7600000000002,-71.25
100247,Core,Central Europe,Affiliate,Midscale,83.1,1,1,0.165,0.025,206,203,149.68,30833.15,30384.12,5087.47,4253.78,0.03,0.02,0.01,-3,-449.0300000000025,-833.6900000000005
100248,Core,West Europe,Direct,Budget,79.4,1,1,0.165,0.025,393,416,99.35,39043.92,41328.94,6442.25,5786.05,0.0778,0.066,0.01,23,2285.020000000004,-656.1999999999998
100249,Core,Central Europe,Direct,Budget,74.0,1,1,0.165,0.025,252,243,80.73,20343.32,19616.77,3356.65,2746.35,0.0935,0.0799,0.01,-9,-726.5499999999993,-610.3000000000002
100250,Core,North Europe,Corporate,Budget,74.7,1,0,0.165,0.0,159,173,82.47,13112.01,14266.52,2163.48,2353.98,0.1406,0.1368,0.01,14,1154.5100000000002,190.5
100251,Long Tail,Central Europe,Direct,Upscale,69.8,0,0,0.15,0.0,94,100,211.89,19917.34,21188.66,2987.6,3178.3,0.0732,0.0601,0.01,6,1271.3199999999997,190.70000000000027
100252,Core,North Europe,Affiliate,Midscale,82.2,1,1,0.165,0.025,230,261,163.31,37561.04,42623.61,6197.57,5967.31,0.1054,0.0966,0.01,31,5062.57,-230.2599999999993
100253,Growth,North Europe,Mobile,Budget,77.1,1,1,0.155,0.025,323,321,81.89,26449.03,26285.26,4099.6,3417.08,0.1208,0.1189,0.01,-2,-163.77000000000044,-682.5200000000004
100254,Growth,West Europe,Direct,Upscale,71.4,1,0,0.155,0.0,103,87,287.59,29622.13,25020.63,4591.43,3878.2,0.0827,0.0715,0.01,-16,-4601.5,-713.2300000000005
100255,Premium,North Europe,Affiliate,Budget,71.4,0,0,0.175,0.0,254,254,102.48,26031.04,26031.04,4555.43,4555.43,0.0914,0.0978,0.01,0,0.0,0.0
100256,Premium,North Europe,Corporate,Midscale,65.9,0,0,0.175,0.0,195,246,165.16,32205.72,40628.75,5636.0,7110.03,0.1103,0.1028,0.01,51,8423.029999999999,1474.0299999999997
100257,Growth,North Europe,Affiliate,Midscale,87.8,1,0,0.155,0.0,248,276,132.69,32907.9,36623.31,5100.72,5676.61,0.0454,0.0343,0.01,28,3715.409999999996,575.8899999999994
100258,Growth,West Europe,Direct,Upscale,78.8,1,1,0.155,0.025,125,131,206.81,25851.3,27092.16,4006.95,3521.98,0.0811,0.0825,0.01,6,1240.8600000000006,-484.9699999999998
100259,Core,South Europe,Direct,Midscale,69.4,1,0,0.165,0.0,278,289,136.26,37879.39,39378.22,6250.1,6497.41,0.1348,0.1462,0.01,11,1498.8300000000017,247.3099999999995
100260,Growth,North Europe,Corporate,Midscale,86.1,1,1,0.155,0.025,377,438,139.42,52559.66,61064.01,8146.75,7938.32,0.0974,0.1066,0.01,61,8504.349999999999,-208.4300000000003
100261,Premium,South Europe,Direct,Upscale,72.4,0,0,0.175,0.0,293,257,236.84,69392.98,60866.88,12143.77,10651.7,0.0956,0.1058,0.01,-36,-8526.099999999999,-1492.0699999999997
100262,Core,Central Europe,Affiliate,Budget,63.9,0,0,0.165,0.0,314,353,83.81,26315.27,29583.73,4342.02,4881.31,0.1118,0.109,0.01,39,3268.459999999999,539.29
100263,Growth,North Europe,Direct,Upscale,88.2,1,1,0.155,0.025,202,218,197.41,39876.07,43034.57,6180.79,5594.49,0.0965,0.1152,0.01,16,3158.5,-586.3000000000002
100264,Long Tail,North Europe,Direct,Upscale,72.6,0,0,0.15,0.0,142,141,238.52,33870.3,33631.77,5080.54,5044.77,0.1186,0.1108,0.01,-1,-238.5300000000061,-35.76999999999953
100265,Growth,Central Europe,Corporate,Upscale,73.9,1,0,0.155,0.0,269,270,242.08,65118.22,65360.29,10093.32,10130.85,0.084,0.086,0.01,1,242.0699999999997,37.530000000000655
100266,Core,Central Europe,Affiliate,Budget,78.4,1,1,0.165,0.025,226,257,100.04,22609.87,25711.22,3730.63,3599.57,0.1312,0.1244,0.01,31,3101.350000000002,-131.05999999999995
100267,Growth,West Europe,Corporate,Budget,89.4,1,0,0.155,0.0,213,199,95.58,20358.23,19020.13,3155.53,2948.12,0.1135,0.1083,0.01,-14,-1338.0999999999985,-207.4100000000003
100268,Growth,Central Europe,Direct,Midscale,78.2,1,1,0.155,0.025,205,193,124.82,25588.77,24090.89,3966.26,3131.82,0.11,0.0944,0.01,-12,-1497.880000000001,-834.44
100269,Growth,North Europe,Affiliate,Midscale,66.0,0,0,0.155,0.0,316,325,162.18,51249.05,52708.67,7943.6,8169.84,0.0856,0.0998,0.01,9,1459.6199999999953,226.23999999999978
100270,Growth,West Europe,Mobile,Midscale,83.4,1,1,0.155,0.025,223,200,134.1,29904.27,26819.97,4635.16,3486.6,0.0618,0.0719,0.025,-23,-3084.2999999999993,-1148.56
100271,Growth,South Europe,Direct,Upscale,73.2,1,1,0.155,0.025,307,328,241.4,74110.87,79180.34,11487.18,10293.44,0.0906,0.1105,0.01,21,5069.470000000001,-1193.7399999999998
100272,Growth,West Europe,Direct,Midscale,96.9,1,0,0.155,0.0,239,265,125.31,29948.14,33206.09,4641.96,5146.94,0.0739,0.0654,0.025,26,3257.949999999997,504.97999999999956
100273,Core,South Europe,Mobile,Budget,78.0,1,1,0.165,0.025,289,314,84.05,24289.25,26390.39,4007.73,3694.66,0.0491,0.0669,0.01,25,2101.1399999999994,-313.07000000000016
100274,Premium,West Europe,Direct,Midscale,55.6,0,0,0.175,0.0,209,229,164.68,34419.16,37712.86,6023.35,6599.75,0.1305,0.1391,0.025,20,3293.699999999997,576.3999999999996
100275,Core,South Europe,Affiliate,Budget,81.6,1,1,0.165,0.025,250,273,102.4,25600.45,27955.69,4224.07,3913.8,0.1215,0.1291,0.01,23,2355.239999999998,-310.2699999999995
100276,Core,West Europe,Corporate,Budget,97.4,1,1,0.165,0.025,175,219,91.96,16092.32,20138.39,2655.23,2819.37,0.0861,0.0836,0.01,44,4046.0699999999997,164.13999999999987
100277,Core,West Europe,Direct,Budget,93.8,1,1,0.165,0.025,240,236,85.49,20517.21,20175.26,3385.34,2824.54,0.0589,0.0761,0.01,-4,-341.9500000000007,-560.8000000000002
100278,Long Tail,North Europe,Direct,Midscale,96.3,0,0,0.15,0.0,119,123,104.63,12451.52,12870.06,1867.73,1930.51,0.0531,0.0423,0.01,4,418.53999999999905,62.77999999999997
100279,Long Tail,North Europe,Direct,Midscale,67.8,0,0,0.15,0.0,107,103,115.73,12382.62,11919.71,1857.39,1787.96,0.1122,0.0941,0.01,-4,-462.9100000000017,-69.43000000000006
100280,Growth,South Europe,Direct,Midscale,87.1,1,0,0.155,0.0,204,222,130.49,26620.02,28968.84,4126.1,4490.17,0.0794,0.0742,0.01,18,2348.8199999999997,364.0699999999997
100281,Growth,North Europe,Direct,Midscale,70.8,1,1,0.155,0.025,193,210,119.03,22972.98,24996.51,3560.81,3249.55,0.1124,0.1413,0.01,17,2023.5299999999988,-311.25999999999976
100282,Growth,North Europe,Mobile,Midscale,80.2,1,0,0.155,0.0,309,357,111.58,34478.28,39834.13,5344.13,6174.29,0.1059,0.107,0.01,48,5355.8499999999985,830.1599999999999
100283,Growth,North Europe,Direct,Midscale,65.3,0,0,0.155,0.0,168,160,93.81,15760.44,15009.94,2442.87,2326.54,0.1348,0.1497,0.01,-8,-750.5,-116.32999999999993
100284,Core,North Europe,Mobile,Upscale,71.6,1,0,0.165,0.0,199,224,261.33,52003.92,58537.08,8580.65,9658.62,0.0722,0.0803,0.01,25,6533.1600000000035,1077.9700000000012
100285,Core,Central Europe,Direct,Midscale,71.2,1,1,0.165,0.025,275,299,129.36,35573.02,38677.57,5869.55,5414.86,0.1064,0.1099,0.01,24,3104.550000000003,-454.6900000000005
100286,Growth,West Europe,Direct,Midscale,87.0,1,1,0.155,0.025,283,305,133.47,37772.75,40709.15,5854.78,5292.19,0.0743,0.067,0.025,22,2936.4000000000015,-562.5900000000001
100287,Core,Central Europe,Direct,Midscale,86.0,1,1,0.165,0.025,104,113,117.55,12225.49,13283.47,2017.21,1859.69,0.082,0.0926,0.01,9,1057.9799999999996,-157.51999999999998
100288,Core,North Europe,Mobile,Midscale,80.8,1,0,0.165,0.0,114,117,136.74,15587.94,15998.15,2572.01,2639.7,0.1119,0.1107,0.01,3,410.2099999999991,67.6899999999996
100289,Growth,South Europe,Affiliate,Upscale,64.5,0,0,0.155,0.0,226,233,222.09,50191.5,51746.1,7779.68,8020.65,0.1327,0.1324,0.01,7,1554.5999999999985,240.96999999999935
100290,Premium,West Europe,Direct,Midscale,74.9,0,0,0.175,0.0,196,192,158.99,31162.55,30526.58,5453.45,5342.15,0.1318,0.1342,0.025,-4,-635.9699999999975,-111.30000000000018
100291,Growth,West Europe,Mobile,Midscale,70.5,1,0,0.155,0.0,110,103,131.44,14458.87,13538.76,2241.12,2098.51,0.1123,0.104,0.025,-7,-920.1100000000006,-142.60999999999967
100292,Long Tail,Central Europe,Affiliate,Budget,86.7,0,0,0.15,0.0,115,112,81.04,9319.96,9076.83,1397.99,1361.52,0.0809,0.0787,0.01,-3,-243.1299999999992,-36.47000000000003
100293,Growth,Central Europe,Direct,Midscale,89.8,1,0,0.155,0.0,273,232,139.47,38075.5,32357.2,5901.7,5015.37,0.0739,0.0881,0.01,-41,-5718.299999999999,-886.3299999999999
100294,Long Tail,Central Europe,Corporate,Midscale,88.6,0,0,0.15,0.0,127,137,104.15,13227.61,14269.16,1984.14,2140.37,0.0382,0.0298,0.01,10,1041.5499999999993,156.2299999999998
100295,Long Tail,North Europe,Direct,Midscale,70.4,0,0,0.15,0.0,129,115,133.01,17157.71,15295.63,2573.66,2294.35,0.1352,0.1229,0.01,-14,-1862.08,-279.30999999999995
100296,Long Tail,North Europe,Direct,Midscale,50.6,0,0,0.15,0.0,99,97,107.82,10673.81,10458.18,1601.07,1568.73,0.1157,0.115,0.01,-2,-215.6299999999992,-32.33999999999992
100297,Premium,South Europe,Affiliate,Budget,60.3,0,0,0.175,0.0,162,171,76.12,12331.93,13017.04,2158.09,2277.98,0.1256,0.112,0.01,9,685.1100000000006,119.88999999999987
100298,Premium,West Europe,Direct,Upscale,92.2,0,0,0.175,0.0,288,310,211.6,60942.16,65597.46,10664.88,11479.56,0.0945,0.0738,0.01,22,4655.300000000003,814.6800000000003
100299,Core,South Europe,Direct,Midscale,74.0,1,0,0.165,0.0,99,83,143.4,14196.92,11902.46,2342.49,1963.91,0.0667,0.0625,0.01,-16,-2294.460000000001,-378.5799999999997
100300,Premium,West Europe,Mobile,Upscale,70.5,0,0,0.175,0.0,167,166,256.69,42867.25,42610.56,7501.77,7456.85,0.0786,0.096,0.01,-1,-256.6900000000023,-44.92000000000007
100301,Growth,West Europe,Direct,Budget,94.4,1,1,0.155,0.025,317,360,54.38,17239.14,19577.57,2672.07,2545.08,0.1138,0.125,0.01,43,2338.4300000000003,-126.99000000000024
100302,Core,Central Europe,Mobile,Midscale,90.7,1,1,0.165,0.025,123,128,147.59,18153.96,18891.92,2995.4,2644.87,0.0865,0.1108,0.01,5,737.9599999999991,-350.5300000000002
100303,Core,South Europe,Corporate,Midscale,78.2,1,0,0.165,0.0,198,222,154.97,30683.49,34402.7,5062.78,5676.44,0.0785,0.053,0.01,24,3719.2099999999955,613.6599999999999
100304,Long Tail,North Europe,Affiliate,Upscale,75.1,0,0,0.15,0.0,113,105,207.39,23435.32,21776.18,3515.3,3266.43,0.0934,0.0987,0.01,-8,-1659.1399999999994,-248.87000000000035
100305,Core,North Europe,Mobile,Budget,76.7,1,0,0.165,0.0,162,132,113.22,18341.18,14944.66,3026.29,2465.87,0.122,0.1231,0.01,-30,-3396.5200000000004,-560.4200000000001
100306,Core,South Europe,Mobile,Upscale,80.3,1,0,0.165,0.0,271,291,278.93,75589.66,81168.23,12472.29,13392.76,0.1142,0.1062,0.01,20,5578.569999999992,920.4699999999993
100307,Core,West Europe,Corporate,Midscale,94.0,1,1,0.165,0.025,318,309,169.04,53753.7,52232.36,8869.36,7312.53,0.0389,0.0602,0.025,-9,-1521.3399999999965,-1556.8300000000008
100308,Core,West Europe,Direct,Midscale,82.2,1,1,0.165,0.025,136,117,102.41,13927.86,11982.06,2298.1,1677.49,0.1295,0.1507,0.025,-19,-1945.800000000001,-620.6099999999999
100309,Growth,West Europe,Direct,Midscale,85.3,1,0,0.155,0.0,73,72,114.96,8391.77,8276.81,1300.72,1282.91,0.1094,0.0967,0.025,-1,-114.96000000000095,-17.809999999999945
100310,Core,South Europe,Affiliate,Budget,89.7,1,0,0.165,0.0,201,223,84.28,16940.88,18795.11,2795.25,3101.19,0.0765,0.0805,0.01,22,1854.2299999999996,305.94000000000005
100311,Core,Central Europe,Affiliate,Midscale,66.3,0,0,0.165,0.0,84,74,128.99,10835.32,9545.4,1787.83,1574.99,0.0765,0.0909,0.01,-10,-1289.92,-212.83999999999992
100312,Growth,West Europe,Direct,Budget,85.5,1,0,0.155,0.0,303,367,74.17,22473.72,27220.64,3483.43,4219.2,0.1113,0.1086,0.01,64,4746.919999999998,735.77
100313,Core,West Europe,Affiliate,Midscale,75.1,1,0,0.165,0.0,190,176,122.18,23214.94,21504.37,3830.47,3548.22,0.1085,0.0981,0.025,-14,-1710.5699999999997,-282.25
100314,Core,West Europe,Direct,Midscale,52.8,0,0,0.165,0.0,91,92,74.08,6741.72,6815.8,1112.38,1124.61,0.0848,0.0827,0.025,1,74.07999999999993,12.22999999999979
100315,Core,West Europe,Corporate,Midscale,56.7,0,0,0.165,0.0,125,111,140.3,17537.53,15573.33,2893.69,2569.6,0.1112,0.1214,0.025,-14,-1964.199999999999,-324.09000000000015
100316,Core,West Europe,Direct,Budget,67.8,1,1,0.165,0.025,118,123,72.87,8599.05,8963.41,1418.84,1254.88,0.1828,0.1965,0.01,5,364.3600000000006,-163.9599999999998
100317,Premium,West Europe,Direct,Budget,83.3,0,0,0.175,0.0,182,180,72.38,13173.71,13028.94,2305.4,2280.06,0.0878,0.0948,0.01,-2,-144.76999999999862,-25.340000000000146
100318,Core,South Europe,Direct,Budget,79.1,1,1,0.165,0.025,95,86,87.79,8339.92,7549.82,1376.09,1056.98,0.0735,0.1068,0.01,-9,-790.1000000000004,-319.1099999999999
100319,Long Tail,North Europe,Direct,Budget,79.8,0,0,0.15,0.0,215,270,80.07,17215.49,21619.45,2582.32,3242.92,0.0661,0.069,0.01,55,4403.959999999999,660.5999999999999
100320,Long Tail,North Europe,Direct,Midscale,97.5,0,0,0.15,0.0,103,98,96.5,9939.01,9456.54,1490.85,1418.48,0.116,0.1092,0.01,-5,-482.46999999999935,-72.36999999999989
100321,Core,North Europe,Direct,Budget,65.3,0,0,0.165,0.0,180,172,61.62,11092.0,10599.02,1830.18,1748.84,0.1286,0.1218,0.01,-8,-492.97999999999956,-81.34000000000015
100322,Core,Central Europe,Direct,Upscale,77.7,1,0,0.165,0.0,228,248,251.1,57251.53,62273.6,9446.5,10275.14,0.1288,0.1471,0.01,20,5022.07,828.6399999999994
100323,Core,South Europe,Direct,Budget,81.0,1,1,0.165,0.025,292,350,69.64,20334.41,24373.44,3355.18,3412.28,0.0962,0.1285,0.01,58,4039.029999999999,57.100000000000364
100324,Long Tail,North Europe,Direct,Budget,70.6,0,0,0.15,0.0,129,142,87.8,11326.45,12467.87,1698.97,1870.18,0.1329,0.1387,0.01,13,1141.42,171.21000000000004
100325,Core,Central Europe,Direct,Upscale,78.3,1,0,0.165,0.0,179,160,253.26,45332.89,40521.02,7479.93,6685.97,0.0718,0.0926,0.01,-19,-4811.870000000003,-793.96
100326,Premium,West Europe,Direct,Budget,62.0,0,0,0.175,0.0,219,223,96.91,21224.15,21611.8,3714.23,3782.07,0.1152,0.1234,0.01,4,387.6499999999978,67.84000000000015
100327,Core,West Europe,Direct,Midscale,92.1,1,0,0.165,0.0,145,120,131.72,19098.95,15806.02,3151.33,2607.99,0.0848,0.0689,0.025,-25,-3292.9300000000003,-543.3400000000001
100328,Core,Central Europe,Direct,Upscale,71.2,1,1,0.165,0.025,129,144,148.36,19139.01,21364.48,3157.94,2991.03,0.1355,0.1454,0.01,15,2225.470000000001,-166.90999999999985
100329,Core,North Europe,Direct,Upscale,98.0,1,0,0.165,0.0,202,172,259.69,52456.93,44666.3,8655.39,7369.94,0.0791,0.0701,0.01,-30,-7790.629999999997,-1285.4499999999998
100330,Premium,North Europe,Direct,Midscale,77.7,0,0,0.175,0.0,99,92,139.55,13815.17,12838.34,2417.65,2246.71,0.0781,0.08,0.01,-7,-976.8299999999999,-170.94000000000005
100331,Growth,South Europe,Mobile,Budget,88.3,1,0,0.155,0.0,180,180,97.39,17530.37,17530.37,2717.21,2717.21,0.0835,0.0862,0.01,0,0.0,0.0
100332,Premium,North Europe,Corporate,Midscale,77.5,0,0,0.175,0.0,201,209,145.84,29313.24,30479.94,5129.82,5333.99,0.052,0.0368,0.01,8,1166.699999999997,204.17000000000007
100333,Long Tail,South Europe,Corporate,Upscale,77.7,0,0,0.15,0.0,249,243,240.47,59877.96,58435.12,8981.69,8765.27,0.0357,0.0252,0.01,-6,-1442.8399999999965,-216.42000000000007
100334,Growth,North Europe,Affiliate,Upscale,72.2,1,1,0.155,0.025,316,389,195.9,61904.45,76205.16,9595.19,9906.67,0.1206,0.1225,0.01,73,14300.710000000006,311.47999999999956
100335,Core,North Europe,Affiliate,Budget,79.2,1,1,0.165,0.025,230,253,49.16,11306.56,12437.22,1865.58,1741.21,0.0826,0.0829,0.01,23,1130.6599999999999,-124.36999999999989
100336,Growth,North Europe,Direct,Midscale,81.2,1,0,0.155,0.0,297,314,119.17,35394.21,37420.14,5486.1,5800.12,0.0833,0.1071,0.01,17,2025.9300000000003,314.0199999999995
100337,Premium,West Europe,Mobile,Budget,70.2,0,0,0.175,0.0,156,139,77.72,12124.15,10802.93,2121.73,1890.51,0.1228,0.1116,0.01,-17,-1321.2199999999993,-231.22000000000003
100338,Growth,North Europe,Mobile,Budget,76.7,1,1,0.155,0.025,223,278,98.14,21884.68,27282.24,3392.12,3546.69,0.1296,0.1149,0.01,55,5397.560000000001,154.57000000000016
100339,Long Tail,North Europe,Mobile,Midscale,71.9,0,0,0.15,0.0,164,152,151.56,24856.05,23037.31,3728.41,3455.6,0.1135,0.0999,0.01,-12,-1818.739999999998,-272.80999999999995
100340,Growth,Central Europe,Mobile,Budget,98.0,1,0,0.155,0.0,170,197,61.7,10488.57,12154.41,1625.73,1883.93,0.1193,0.1269,0.01,27,1665.8400000000001,258.20000000000005
100341,Long Tail,West Europe,Direct,Midscale,77.1,0,0,0.15,0.0,75,89,86.9,6517.62,7734.24,977.64,1160.14,0.1069,0.1064,0.025,14,1216.62,182.5000000000001
100342,Premium,West Europe,Mobile,Budget,93.5,0,0,0.175,0.0,297,311,65.6,19483.13,20401.53,3409.55,3570.27,0.0837,0.073,0.01,14,918.3999999999978,160.7199999999998
100343,Core,North Europe,Mobile,Midscale,76.0,1,1,0.165,0.025,115,130,137.45,15806.8,17868.56,2608.12,2501.6,0.1015,0.1257,0.01,15,2061.760000000002,-106.51999999999998
100344,Premium,West Europe,Direct,Budget,80.6,0,0,0.175,0.0,293,212,78.72,23064.96,16688.64,4036.37,2920.51,0.0583,0.0488,0.01,-81,-6376.32,-1115.8599999999997
100345,Premium,West Europe,Corporate,Midscale,64.8,0,0,0.175,0.0,315,309,160.82,50657.79,49692.88,8865.11,8696.25,0.1319,0.1355,0.025,-6,-964.9100000000035,-168.86000000000058
100346,Long Tail,South Europe,Direct,Budget,73.5,0,0,0.15,0.0,90,99,60.18,5416.39,5958.03,812.46,893.71,0.0372,0.0694,0.01,9,541.6399999999994,81.25
100347,Growth,North Europe,Corporate,Upscale,80.1,1,0,0.155,0.0,158,171,228.62,36122.13,39094.2,5598.93,6059.6,0.0763,0.0829,0.01,13,2972.0699999999997,460.6700000000001
100348,Core,Central Europe,Mobile,Budget,93.9,1,1,0.165,0.025,313,290,91.51,28643.14,26538.37,4726.12,3715.37,0.0763,0.0898,0.01,-23,-2104.7700000000004,-1010.75
100349,Growth,Central Europe,Direct,Midscale,80.2,1,0,0.155,0.0,223,217,110.5,24641.66,23978.66,3819.46,3716.69,0.0711,0.0631,0.01,-6,-663.0,-102.76999999999998
100350,Core,North Europe,Mobile,Budget,91.8,1,1,0.165,0.025,294,237,75.93,22323.9,17995.8,3683.44,2519.41,0.0667,0.0733,0.01,-57,-4328.100000000002,-1164.0300000000002
100351,Growth,North Europe,Direct,Budget,84.4,1,1,0.155,0.025,206,233,81.45,16777.84,18976.88,2600.57,2466.99,0.1322,0.1404,0.01,27,2199.040000000001,-133.58000000000038
100352,Core,North Europe,Mobile,Budget,94.3,1,0,0.165,0.0,205,170,81.57,16722.67,13867.58,2759.24,2288.15,0.1029,0.111,0.01,-35,-2855.0899999999983,-471.0899999999997
100353,Core,South Europe,Mobile,Budget,77.4,1,1,0.165,0.025,197,224,105.63,20809.49,23661.55,3433.57,3312.62,0.0768,0.0812,0.01,27,2852.0599999999977,-120.95000000000027
100354,Core,North Europe,Affiliate,Budget,98.0,1,0,0.165,0.0,387,428,45.0,17415.0,19260.0,2873.48,3177.9,0.0594,0.0739,0.01,41,1845.0,304.4200000000001
100355,Core,Central Europe,Mobile,Midscale,73.1,1,1,0.165,0.025,251,249,135.17,33927.73,33657.39,5598.08,4712.03,0.0668,0.057,0.01,-2,-270.3400000000038,-886.0500000000002
100356,Premium,South Europe,Direct,Midscale,70.3,0,0,0.175,0.0,174,182,83.59,14544.95,15213.69,2545.37,2662.4,0.1195,0.1288,0.01,8,668.7399999999998,117.0300000000002
100357,Premium,Central Europe,Direct,Budget,65.9,0,0,0.175,0.0,234,229,66.8,15631.67,15297.66,2735.54,2677.09,0.1005,0.1041,0.01,-5,-334.0100000000002,-58.44999999999982
100358,Core,West Europe,Direct,Midscale,98.0,1,0,0.165,0.0,199,203,151.79,30206.88,30814.05,4984.13,5084.32,0.03,0.0279,0.025,4,607.1699999999983,100.1899999999996
100359,Core,Central Europe,Direct,Midscale,86.2,1,0,0.165,0.0,172,154,100.89,17353.85,15537.75,2863.39,2563.73,0.0867,0.0753,0.01,-18,-1816.0999999999985,-299.65999999999985
100360,Long Tail,North Europe,Direct,Budget,74.7,0,0,0.15,0.0,155,164,72.79,11282.82,11937.95,1692.42,1790.69,0.108,0.1063,0.01,9,655.130000000001,98.26999999999998
100361,Growth,West Europe,Direct,Midscale,90.5,1,1,0.155,0.025,259,241,142.45,36893.66,34329.62,5718.52,4462.85,0.1035,0.1087,0.025,-18,-2564.040000000001,-1255.67
100362,Growth,West Europe,Direct,Budget,84.9,1,0,0.155,0.0,159,133,90.79,14436.26,12075.61,2237.62,1871.72,0.0839,0.0778,0.01,-26,-2360.6499999999996,-365.89999999999986
100363,Growth,Central Europe,Direct,Budget,97.7,1,1,0.155,0.025,248,269,78.69,19515.68,21168.22,3024.93,2751.87,0.0622,0.0535,0.01,21,1652.5400000000009,-273.05999999999995
100364,Core,South Europe,Mobile,Midscale,62.5,0,0,0.165,0.0,144,141,120.84,17401.43,17038.9,2871.24,2811.42,0.1602,0.1472,0.01,-3,-362.52999999999884,-59.81999999999971
100365,Core,Central Europe,Direct,Upscale,75.3,1,1,0.165,0.025,224,237,234.08,52433.91,55476.95,8651.6,7766.77,0.0964,0.0767,0.01,13,3043.0399999999936,-884.8299999999999
100366,Premium,North Europe,Mobile,Upscale,73.4,0,0,0.175,0.0,187,176,193.75,36231.54,34100.27,6340.52,5967.55,0.1165,0.1202,0.01,-11,-2131.270000000004,-372.97000000000025
100367,Core,Central Europe,Direct,Upscale,58.3,0,0,0.165,0.0,159,186,216.87,34482.05,40337.49,5689.54,6655.69,0.1018,0.0873,0.01,27,5855.439999999995,966.1499999999996
100368,Core,West Europe,Direct,Midscale,88.6,1,0,0.165,0.0,177,180,158.08,27980.85,28455.1,4616.84,4695.09,0.0988,0.0961,0.025,3,474.25,78.25
100369,Long Tail,West Europe,Affiliate,Budget,75.3,0,0,0.15,0.0,67,68,75.69,5070.96,5146.65,760.64,772.0,0.0599,0.0711,0.01,1,75.6899999999996,11.360000000000014
100370,Premium,Central Europe,Direct,Budget,85.4,0,0,0.175,0.0,428,436,99.66,42655.12,43452.41,7464.65,7604.17,0.0736,0.0585,0.01,8,797.2900000000009,139.52000000000044
100371,Core,West Europe,Direct,Budget,98.0,1,0,0.165,0.0,225,245,90.27,20311.82,22117.31,3351.45,3649.36,0.0409,0.0281,0.01,20,1805.4900000000016,297.9100000000003
100372,Core,West Europe,Affiliate,Budget,74.5,1,1,0.165,0.025,329,358,98.38,32367.33,35220.37,5340.61,4930.85,0.0821,0.1494,0.01,29,2853.040000000001,-409.7599999999993
100373,Core,South Europe,Direct,Budget,73.8,1,1,0.165,0.025,195,210,67.85,13229.96,14247.65,2182.94,1994.67,0.1293,0.1522,0.01,15,1017.6900000000005,-188.26999999999998
100374,Growth,North Europe,Direct,Midscale,79.2,1,0,0.155,0.0,275,293,138.28,38026.2,40515.19,5894.06,6279.85,0.0767,0.0686,0.01,18,2488.9900000000052,385.78999999999996
100375,Growth,West Europe,Affiliate,Budget,87.9,1,0,0.155,0.0,182,152,64.61,11758.22,9820.05,1822.52,1522.11,0.1003,0.1063,0.01,-30,-1938.17,-300.4100000000001
100376,Long Tail,North Europe,Direct,Budget,72.3,0,0,0.15,0.0,102,86,72.13,7356.99,6202.95,1103.55,930.44,0.1376,0.1407,0.01,-16,-1154.04,-173.1099999999999
100377,Core,North Europe,Mobile,Midscale,71.7,1,1,0.165,0.025,185,190,143.28,26506.97,27223.37,4373.65,3811.27,0.0997,0.1196,0.01,5,716.3999999999978,-562.3799999999997
100378,Core,Central Europe,Direct,Midscale,88.6,1,1,0.165,0.025,361,367,121.09,43712.54,44439.07,7212.57,6221.47,0.1064,0.0949,0.01,6,726.5299999999988,-991.0999999999995
100379,Premium,South Europe,Corporate,Upscale,81.8,0,0,0.175,0.0,175,184,290.89,50906.51,53524.56,8908.64,9366.8,0.1024,0.097,0.01,9,2618.0499999999956,458.15999999999985
100380,Core,West Europe,Mobile,Budget,57.6,0,0,0.165,0.0,78,78,75.58,5895.56,5895.56,972.77,972.77,0.119,0.1147,0.01,0,0.0,0.0
100381,Long Tail,West Europe,Corporate,Midscale,65.7,0,0,0.15,0.0,173,182,148.98,25773.75,27114.58,3866.06,4067.19,0.1257,0.1058,0.025,9,1340.8300000000017,201.1300000000001
100382,Premium,West Europe,Mobile,Budget,93.0,0,0,0.175,0.0,342,304,90.2,30847.88,27420.34,5398.38,4798.56,0.1227,0.1224,0.01,-38,-3427.540000000001,-599.8199999999997
100383,Core,South Europe,Direct,Midscale,82.0,1,1,0.165,0.025,173,179,138.98,24043.37,24877.24,3967.16,3482.81,0.0729,0.0794,0.01,6,833.8700000000026,-484.3499999999999
100384,Core,Central Europe,Affiliate,Budget,70.4,1,0,0.165,0.0,363,319,59.56,21619.55,18999.0,3567.23,3134.84,0.0778,0.0785,0.01,-44,-2620.5499999999993,-432.3899999999999
100385,Long Tail,Central Europe,Direct,Budget,76.3,0,0,0.15,0.0,262,271,88.85,23279.95,24079.64,3491.99,3611.95,0.0698,0.0829,0.01,9,799.6899999999987,119.96000000000004
100386,Premium,West Europe,Mobile,Midscale,78.1,0,0,0.175,0.0,119,99,156.14,18580.97,15458.12,3251.67,2705.17,0.118,0.125,0.025,-20,-3122.8500000000004,-546.5
100387,Long Tail,West Europe,Affiliate,Budget,85.4,0,0,0.15,0.0,110,113,75.74,8331.93,8559.17,1249.79,1283.87,0.1134,0.1127,0.01,3,227.23999999999978,34.07999999999993
100388,Growth,West Europe,Direct,Budget,64.4,0,0,0.155,0.0,192,167,84.27,16179.7,14072.97,2507.85,2181.31,0.095,0.0875,0.01,-25,-2106.7300000000014,-326.53999999999996
100389,Long Tail,West Europe,Corporate,Upscale,69.6,0,0,0.15,0.0,145,140,195.46,28341.57,27364.27,4251.24,4104.64,0.0493,0.0434,0.01,-5,-977.2999999999993,-146.59999999999945
100390,Core,West Europe,Direct,Budget,80.7,1,1,0.165,0.025,218,243,80.02,17443.48,19443.88,2878.17,2722.14,0.0734,0.0622,0.01,25,2000.4000000000015,-156.0300000000002
100391,Growth,South Europe,Affiliate,Midscale,77.0,1,1,0.155,0.025,215,240,142.44,30625.03,34186.08,4746.88,4444.19,0.1081,0.1218,0.01,25,3561.050000000003,-302.6900000000005
100392,Core,West Europe,Mobile,Midscale,83.7,1,0,0.165,0.0,137,117,145.24,19897.38,16992.66,3283.07,2803.79,0.0853,0.0871,0.025,-20,-2904.720000000001,-479.2800000000002
100393,Premium,West Europe,Direct,Budget,65.7,0,0,0.175,0.0,263,247,85.99,22616.13,21240.24,3957.82,3717.04,0.1115,0.1321,0.01,-16,-1375.8899999999994,-240.7800000000002
100394,Growth,West Europe,Affiliate,Midscale,81.6,1,0,0.155,0.0,272,235,130.37,35461.82,30637.97,5496.58,4748.88,0.0763,0.0826,0.025,-37,-4823.8499999999985,-747.6999999999998
100395,Core,West Europe,Mobile,Budget,88.9,1,0,0.165,0.0,293,248,82.53,24180.74,20466.97,3989.82,3377.05,0.1066,0.0962,0.01,-45,-3713.7700000000004,-612.77
100396,Premium,North Europe,Direct,Midscale,82.9,0,0,0.175,0.0,158,160,105.69,16699.56,16910.95,2922.42,2959.42,0.0965,0.0792,0.01,2,211.38999999999942,37.0
100397,Core,North Europe,Affiliate,Budget,79.4,1,1,0.165,0.025,184,200,106.06,19514.18,21211.06,3219.84,2969.55,0.1064,0.1178,0.01,16,1696.880000000001,-250.28999999999996
100398,Core,South Europe,Direct,Budget,77.0,1,0,0.165,0.0,164,171,93.01,15253.4,15904.46,2516.81,2624.24,0.0984,0.1081,0.01,7,651.0599999999995,107.42999999999984
100399,Core,West Europe,Mobile,Budget,69.7,1,1,0.165,0.025,117,127,99.0,11583.44,12573.48,1911.27,1760.29,0.1157,0.1371,0.01,10,990.039999999999,-150.98000000000002
100400,Core,North Europe,Direct,Upscale,77.3,1,1,0.165,0.025,180,186,251.27,45229.41,46737.06,7462.85,6543.19,0.1056,0.115,0.01,6,1507.6499999999942,-919.6600000000008
100401,Long Tail,West Europe,Corporate,Midscale,90.6,0,0,0.15,0.0,99,97,168.19,16650.92,16314.53,2497.64,2447.18,0.0561,0.054,0.025,-2,-336.3899999999976,-50.460000000000036
100402,Premium,South Europe,Mobile,Upscale,76.8,0,0,0.175,0.0,141,127,200.44,28262.22,25456.04,4945.89,4454.81,0.104,0.1126,0.01,-14,-2806.1800000000003,-491.0799999999999
100403,Growth,West Europe,Direct,Midscale,69.1,1,0,0.155,0.0,263,253,139.84,36777.21,35378.84,5700.47,5483.72,0.123,0.1038,0.025,-10,-1398.3700000000026,-216.75
100404,Long Tail,Central Europe,Direct,Midscale,73.1,0,0,0.15,0.0,110,97,123.7,13607.34,11999.2,2041.1,1799.88,0.1277,0.1469,0.01,-13,-1608.1399999999994,-241.2199999999998
100405,Long Tail,Central Europe,Affiliate,Midscale,80.0,0,0,0.15,0.0,104,96,95.61,9943.22,9178.36,1491.48,1376.75,0.1015,0.0882,0.01,-8,-764.8599999999988,-114.73000000000002
100406,Core,South Europe,Mobile,Upscale,74.3,1,1,0.165,0.025,288,300,208.95,60178.51,62685.95,9929.45,8776.03,0.0734,0.097,0.01,12,2507.439999999995,-1153.42
100407,Premium,South Europe,Direct,Midscale,82.9,0,0,0.175,0.0,307,304,87.21,26773.97,26512.34,4685.45,4639.66,0.0677,0.0644,0.01,-3,-261.630000000001,-45.789999999999964
100408,Growth,North Europe,Direct,Midscale,83.2,1,1,0.155,0.025,100,137,122.79,12279.46,16822.85,1903.32,2186.97,0.0766,0.066,0.01,37,4543.389999999999,283.64999999999986
100409,Long Tail,Central Europe,Direct,Midscale,86.9,0,0,0.15,0.0,164,144,133.8,21942.95,19266.98,3291.44,2890.05,0.0882,0.0853,0.01,-20,-2675.970000000001,-401.3899999999999
100410,Core,West Europe,Corporate,Midscale,92.2,1,0,0.165,0.0,249,246,140.07,34877.62,34457.41,5754.81,5685.47,0.0745,0.0775,0.025,-3,-420.2099999999991,-69.34000000000015
100411,Core,Central Europe,Affiliate,Budget,88.0,1,1,0.165,0.025,191,173,63.18,12067.32,10930.09,1991.11,1530.21,0.0542,0.0418,0.01,-18,-1137.2299999999996,-460.89999999999986
100412,Growth,South Europe,Mobile,Midscale,68.7,1,1,0.155,0.025,181,192,94.56,17116.24,18156.45,2653.02,2360.34,0.0755,0.0525,0.01,11,1040.2099999999991,-292.67999999999984
100413,Long Tail,North Europe,Affiliate,Budget,69.0,0,0,0.15,0.0,67,65,81.19,5439.56,5277.18,815.93,791.58,0.0509,0.0678,0.01,-2,-162.3800000000001,-24.34999999999991
100414,Growth,North Europe,Corporate,Upscale,77.2,1,0,0.155,0.0,418,450,274.39,114693.73,123474.11,17777.53,19138.49,0.03,0.034,0.01,32,8780.380000000005,1360.9600000000028
100415,Growth,South Europe,Direct,Midscale,73.5,1,1,0.155,0.025,193,204,117.99,22772.45,24070.36,3529.73,3129.15,0.0951,0.0784,0.01,11,1297.9099999999999,-400.5799999999999
100416,Growth,West Europe,Direct,Upscale,66.6,0,0,0.155,0.0,225,221,264.74,59566.21,58507.25,9232.76,9068.62,0.164,0.1651,0.01,-4,-1058.9599999999991,-164.13999999999942
100417,Premium,North Europe,Corporate,Midscale,73.6,0,0,0.175,0.0,218,210,108.3,23609.56,22743.16,4131.67,3980.05,0.1432,0.1561,0.01,-8,-866.4000000000015,-151.6199999999999
100418,Growth,South Europe,Corporate,Midscale,73.3,1,1,0.155,0.025,161,156,141.62,22801.07,22092.96,3534.17,2872.08,0.0741,0.0918,0.01,-5,-708.1100000000006,-662.0900000000001
100419,Long Tail,Central Europe,Direct,Budget,71.3,0,0,0.15,0.0,170,160,82.89,14092.04,13263.1,2113.81,1989.47,0.1045,0.098,0.01,-10,-828.9400000000005,-124.33999999999992
100420,Core,West Europe,Direct,Upscale,74.8,1,0,0.165,0.0,203,196,258.84,52543.63,50731.78,8669.7,8370.74,0.0602,0.0624,0.01,-7,-1811.8499999999985,-298.96000000000095
100421,Growth,West Europe,Affiliate,Midscale,89.8,1,1,0.155,0.025,216,235,132.07,28527.36,31036.71,4421.74,4034.77,0.0474,0.0632,0.025,19,2509.3499999999985,-386.9699999999998
100422,Growth,North Europe,Direct,Budget,80.0,1,1,0.155,0.025,247,283,83.14,20535.93,23529.02,3183.07,3058.77,0.0612,0.0684,0.01,36,2993.09,-124.30000000000018
100423,Growth,South Europe,Direct,Budget,98.0,1,1,0.155,0.025,239,257,81.55,19489.62,20957.46,3020.89,2724.47,0.0655,0.0768,0.01,18,1467.8400000000001,-296.4200000000001
100424,Core,West Europe,Mobile,Budget,79.7,1,0,0.165,0.0,350,342,97.46,34110.5,33330.83,5628.23,5499.59,0.0869,0.0973,0.01,-8,-779.6699999999983,-128.63999999999942
100425,Premium,Central Europe,Direct,Midscale,75.1,0,0,0.175,0.0,309,261,101.94,31498.01,26605.11,5512.15,4655.89,0.1029,0.1026,0.01,-48,-4892.899999999998,-856.2599999999993
100426,Growth,West Europe,Mobile,Midscale,78.0,1,0,0.155,0.0,258,271,76.96,19855.13,20855.59,3077.55,3232.62,0.1099,0.0745,0.025,13,1000.4599999999991,155.0699999999997
100427,Long Tail,West Europe,Direct,Upscale,80.6,0,0,0.15,0.0,76,71,213.54,16229.31,15161.59,2434.4,2274.24,0.0821,0.1022,0.01,-5,-1067.7199999999993,-160.1600000000003
100428,Growth,West Europe,Direct,Midscale,82.4,1,0,0.155,0.0,269,287,144.49,38866.74,41467.49,6024.34,6427.46,0.0894,0.0858,0.025,18,2600.75,403.1199999999999
100429,Premium,North Europe,Mobile,Midscale,98.0,0,0,0.175,0.0,327,366,145.46,47565.76,53238.74,8324.01,9316.78,0.0438,0.0339,0.01,39,5672.979999999996,992.7700000000004
100430,Long Tail,South Europe,Direct,Midscale,69.5,0,0,0.15,0.0,86,85,123.45,10616.83,10493.38,1592.52,1574.01,0.0691,0.0556,0.01,-1,-123.45000000000073,-18.50999999999999
100431,Premium,West Europe,Mobile,Upscale,86.6,0,0,0.175,0.0,140,127,253.37,35472.03,32178.2,6207.61,5631.19,0.0463,0.0423,0.01,-13,-3293.829999999998,-576.4200000000001
100432,Premium,West Europe,Direct,Upscale,80.1,0,0,0.175,0.0,316,316,232.04,73324.59,73324.59,12831.8,12831.8,0.1073,0.1005,0.01,0,0.0,0.0
100433,Premium,Central Europe,Corporate,Budget,62.3,0,0,0.175,0.0,289,298,78.49,22683.59,23390.0,3969.63,4093.25,0.1023,0.0935,0.01,9,706.4099999999999,123.61999999999989
100434,Growth,Central Europe,Mobile,Upscale,85.7,1,1,0.155,0.025,181,193,305.83,55355.24,59025.2,8580.06,7673.28,0.038,0.0508,0.01,12,3669.959999999999,-906.7799999999997
100435,Growth,Central Europe,Mobile,Midscale,90.7,1,1,0.155,0.025,184,192,172.81,31797.46,33179.96,4928.61,4313.39,0.0777,0.0765,0.01,8,1382.5,-615.2199999999993
100436,Growth,North Europe,Direct,Midscale,69.4,1,1,0.155,0.025,213,244,128.03,27269.4,31238.19,4226.76,4060.96,0.0716,0.0672,0.01,31,3968.7899999999972,-165.80000000000018
100437,Core,South Europe,Direct,Upscale,77.9,1,0,0.165,0.0,168,176,239.44,40225.24,42140.73,6637.17,6953.22,0.1349,0.1448,0.01,8,1915.4900000000052,316.0500000000002
100438,Premium,Central Europe,Direct,Midscale,60.7,0,0,0.175,0.0,115,111,102.04,11734.69,11326.53,2053.57,1982.14,0.098,0.1115,0.01,-4,-408.15999999999985,-71.43000000000006
100439,Core,West Europe,Affiliate,Budget,65.4,0,0,0.165,0.0,123,105,63.3,7785.3,6645.99,1284.57,1096.59,0.1244,0.1198,0.01,-18,-1139.3100000000004,-187.98000000000002
100440,Long Tail,North Europe,Direct,Midscale,88.5,0,0,0.15,0.0,160,167,144.27,23083.37,24093.26,3462.5,3613.99,0.1089,0.1102,0.01,7,1009.8899999999994,151.48999999999978
100441,Growth,Central Europe,Direct,Budget,73.3,1,1,0.155,0.025,146,150,79.46,11601.58,11919.43,1798.24,1549.53,0.0746,0.0823,0.01,4,317.85000000000036,-248.71000000000004
100442,Premium,West Europe,Direct,Midscale,66.9,0,0,0.175,0.0,305,311,203.57,62088.09,63309.49,10865.41,11079.16,0.1076,0.0996,0.025,6,1221.4000000000015,213.75
100443,Growth,West Europe,Direct,Budget,80.3,1,1,0.155,0.025,261,289,84.78,22128.31,24502.23,3429.89,3185.29,0.1046,0.0941,0.01,28,2373.9199999999983,-244.5999999999999
100444,Core,Central Europe,Direct,Midscale,72.8,1,1,0.165,0.025,214,185,106.35,22758.67,19674.55,3755.18,2754.44,0.102,0.0961,0.01,-29,-3084.119999999999,-1000.7399999999998
100445,Premium,South Europe,Direct,Upscale,73.3,0,0,0.175,0.0,242,244,226.09,54714.74,55166.93,9575.08,9654.21,0.1076,0.1207,0.01,2,452.1900000000023,79.1299999999992
100446,Long Tail,West Europe,Direct,Budget,85.4,0,0,0.15,0.0,107,112,89.74,9601.99,10050.68,1440.3,1507.6,0.0519,0.0527,0.01,5,448.6900000000005,67.29999999999995
100447,Core,West Europe,Affiliate,Midscale,66.4,0,0,0.165,0.0,225,238,126.29,28415.45,30057.23,4688.55,4959.44,0.1201,0.1058,0.025,13,1641.7799999999988,270.8899999999994
100448,Growth,West Europe,Direct,Midscale,68.9,1,1,0.155,0.025,152,166,126.14,19173.74,20939.74,2971.93,2722.17,0.0912,0.09,0.025,14,1766.0,-249.75999999999976
100449,Core,North Europe,Direct,Midscale,79.5,1,1,0.165,0.025,279,239,122.09,34061.84,29178.43,5620.2,4084.98,0.1004,0.1068,0.01,-40,-4883.409999999996,-1535.2199999999998
100450,Growth,South Europe,Affiliate,Budget,87.7,1,0,0.155,0.0,383,427,73.7,28225.49,31468.11,4374.95,4877.56,0.1056,0.1065,0.01,44,3242.619999999999,502.6100000000006
100451,Long Tail,Central Europe,Mobile,Budget,90.4,0,0,0.15,0.0,153,159,82.28,12588.09,13081.74,1888.21,1962.26,0.0963,0.0994,0.01,6,493.64999999999964,74.04999999999995
100452,Premium,West Europe,Direct,Midscale,71.3,0,0,0.175,0.0,361,322,141.57,51108.45,45587.04,8943.98,7977.73,0.1094,0.1062,0.025,-39,-5521.409999999996,-966.25
100453,Growth,West Europe,Affiliate,Midscale,87.4,1,1,0.155,0.025,159,160,130.04,20676.3,20806.34,3204.83,2704.82,0.099,0.1005,0.025,1,130.04000000000087,-500.00999999999976
100454,Growth,Central Europe,Corporate,Midscale,70.2,1,1,0.155,0.025,244,272,151.67,37007.0,41253.7,5736.08,5362.98,0.1193,0.1365,0.01,28,4246.699999999997,-373.10000000000036
100455,Growth,North Europe,Affiliate,Budget,96.3,1,1,0.155,0.025,242,280,58.75,14216.56,16448.91,2203.57,2138.36,0.1104,0.1426,0.01,38,2232.3500000000004,-65.21000000000004
100456,Long Tail,West Europe,Corporate,Midscale,66.7,0,0,0.15,0.0,161,154,141.07,22711.5,21724.04,3406.72,3258.61,0.1051,0.0907,0.025,-7,-987.4599999999991,-148.10999999999967
100457,Core,West Europe,Mobile,Midscale,91.3,1,0,0.165,0.0,97,104,150.07,14556.79,15607.28,2401.87,2575.2,0.0827,0.0796,0.025,7,1050.4899999999998,173.32999999999993
100458,Premium,South Europe,Direct,Budget,71.4,0,0,0.175,0.0,292,245,70.28,20522.21,17218.97,3591.39,3013.32,0.1239,0.1288,0.01,-47,-3303.239999999998,-578.0699999999997
100459,Core,North Europe,Direct,Midscale,98.0,1,1,0.165,0.025,176,166,149.74,26355.1,24857.65,4348.59,3480.07,0.0589,0.0646,0.01,-10,-1497.449999999997,-868.52
100460,Core,South Europe,Mobile,Budget,83.9,1,0,0.165,0.0,207,169,87.92,18199.96,14858.9,3002.99,2451.72,0.0534,0.0501,0.01,-38,-3341.0599999999995,-551.27
100461,Growth,West Europe,Corporate,Midscale,67.8,1,0,0.155,0.0,388,357,138.58,53768.97,49472.99,8334.19,7668.31,0.117,0.1236,0.025,-31,-4295.980000000003,-665.8800000000001
100462,Long Tail,South Europe,Affiliate,Upscale,72.8,0,0,0.15,0.0,155,176,262.71,40720.03,46236.94,6108.01,6935.54,0.094,0.1045,0.01,21,5516.9100000000035,827.5299999999997
100463,Core,North Europe,Direct,Midscale,85.8,1,0,0.165,0.0,239,283,168.67,40311.83,47733.26,6651.45,7875.99,0.0545,0.0521,0.01,44,7421.43,1224.54
100464,Core,West Europe,Affiliate,Midscale,88.5,1,0,0.165,0.0,236,241,124.49,29378.74,30001.17,4847.49,4950.19,0.0942,0.1079,0.025,5,622.4299999999967,102.69999999999982
100465,Premium,West Europe,Direct,Budget,77.3,0,0,0.175,0.0,348,328,56.65,19715.51,18582.43,3450.21,3251.93,0.1299,0.1443,0.01,-20,-1133.079999999998,-198.2800000000002
100466,Core,North Europe,Mobile,Budget,78.4,1,0,0.165,0.0,260,255,109.54,28479.4,27931.72,4699.1,4608.73,0.0521,0.0687,0.01,-5,-547.6800000000003,-90.3700000000008
100467,Long Tail,North Europe,Affiliate,Budget,85.6,0,0,0.15,0.0,158,165,116.22,18362.35,19175.87,2754.35,2876.38,0.1105,0.116,0.01,7,813.5200000000004,122.0300000000002
100468,Growth,North Europe,Mobile,Midscale,79.3,1,0,0.155,0.0,234,201,117.23,27431.33,23562.81,4251.86,3652.24,0.03,0.0583,0.01,-33,-3868.5200000000004,-599.6199999999999
100469,Core,West Europe,Mobile,Upscale,65.1,0,0,0.165,0.0,187,177,218.9,40935.04,38746.0,6754.28,6393.09,0.0977,0.0903,0.01,-10,-2189.040000000001,-361.1899999999996
100470,Core,North Europe,Affiliate,Budget,69.9,1,1,0.165,0.025,181,211,71.93,13020.19,15178.23,2148.33,2124.95,0.1484,0.1577,0.01,30,2158.039999999999,-23.38000000000011
100471,Core,Central Europe,Affiliate,Budget,80.4,1,0,0.165,0.0,126,114,78.29,9864.94,8925.42,1627.72,1472.7,0.0825,0.0917,0.01,-12,-939.5200000000004,-155.01999999999998
100472,Growth,West Europe,Mobile,Budget,90.2,1,1,0.155,0.025,281,289,76.14,21396.07,22005.21,3316.39,2860.68,0.0821,0.0957,0.01,8,609.1399999999994,-455.71000000000004
100473,Growth,Central Europe,Mobile,Midscale,94.2,1,1,0.155,0.025,196,215,140.86,27607.95,30284.23,4279.23,3936.95,0.0944,0.1212,0.01,19,2676.279999999999,-342.27999999999975
100474,Core,Central Europe,Mobile,Midscale,85.8,1,1,0.165,0.025,292,310,162.85,47552.42,50483.74,7846.15,7067.72,0.0418,0.0564,0.01,18,2931.3199999999997,-778.4299999999994
100475,Core,North Europe,Direct,Midscale,80.9,1,0,0.165,0.0,187,176,147.2,27525.77,25906.6,4541.75,4274.59,0.0919,0.1091,0.01,-11,-1619.170000000002,-267.15999999999985
100476,Core,South Europe,Affiliate,Upscale,85.5,1,0,0.165,0.0,280,282,247.83,69391.76,69887.41,11449.64,11531.42,0.0866,0.0736,0.01,2,495.65000000000873,81.78000000000065
100477,Core,Central Europe,Direct,Budget,71.3,1,1,0.165,0.025,184,201,89.21,16414.08,17930.6,2708.32,2510.28,0.1473,0.1413,0.01,17,1516.5199999999968,-198.03999999999996
100478,Core,South Europe,Mobile,Midscale,76.5,1,1,0.165,0.025,186,225,122.72,22826.04,27612.15,3766.3,3865.7,0.0641,0.0572,0.01,39,4786.110000000001,99.39999999999964
100479,Core,West Europe,Affiliate,Midscale,69.8,1,1,0.165,0.025,195,197,144.97,28268.71,28558.65,4664.34,3998.21,0.093,0.108,0.025,2,289.9400000000023,-666.1300000000001
100480,Core,West Europe,Direct,Budget,65.5,0,0,0.165,0.0,160,159,109.9,17583.74,17473.85,2901.32,2883.18,0.084,0.0742,0.01,-1,-109.89000000000306,-18.140000000000327
100481,Growth,North Europe,Direct,Upscale,81.3,1,0,0.155,0.0,424,482,158.14,67051.99,76224.2,10393.06,11814.75,0.0638,0.0612,0.01,58,9172.209999999992,1421.6900000000005
100482,Core,West Europe,Direct,Budget,79.9,1,1,0.165,0.025,362,357,80.08,28987.9,28587.51,4783.0,4002.25,0.1195,0.1207,0.01,-5,-400.39000000000306,-780.75
100483,Core,Central Europe,Mobile,Midscale,84.9,1,1,0.165,0.025,371,340,134.51,49901.97,45732.27,8233.83,6402.52,0.0864,0.0824,0.01,-31,-4169.700000000004,-1831.3099999999995
100484,Growth,Central Europe,Direct,Midscale,83.5,1,1,0.155,0.025,251,280,164.58,41308.8,46081.53,6402.86,5990.6,0.0734,0.1027,0.01,29,4772.729999999996,-412.2599999999993
100485,Core,North Europe,Direct,Upscale,80.4,1,1,0.165,0.025,159,180,231.31,36777.95,41635.42,6068.36,5828.96,0.0777,0.0662,0.01,21,4857.470000000001,-239.39999999999964
100486,Core,South Europe,Mobile,Midscale,83.6,1,1,0.165,0.025,279,298,158.88,44328.02,47346.77,7314.12,6628.55,0.0731,0.0884,0.01,19,3018.75,-685.5699999999997
100487,Growth,West Europe,Mobile,Budget,77.6,1,1,0.155,0.025,193,210,60.74,11723.38,12756.01,1817.12,1658.28,0.082,0.0948,0.01,17,1032.630000000001,-158.83999999999992
100488,Core,Central Europe,Direct,Upscale,82.1,1,1,0.165,0.025,285,258,238.55,67985.92,61545.15,11217.68,8616.32,0.0571,0.0384,0.01,-27,-6440.769999999997,-2601.3600000000006
100489,Core,North Europe,Direct,Midscale,70.7,1,1,0.165,0.025,146,150,95.69,13971.38,14354.16,2305.28,2009.58,0.0949,0.0875,0.01,4,382.78000000000065,-295.7000000000003
100490,Premium,Central Europe,Corporate,Midscale,81.7,0,0,0.175,0.0,282,313,159.57,44997.59,49944.13,7874.58,8740.22,0.0802,0.0641,0.01,31,4946.540000000001,865.6399999999994
100491,Core,Central Europe,Mobile,Midscale,84.7,1,1,0.165,0.025,304,281,124.93,37977.56,35104.25,6266.3,4914.6,0.067,0.0804,0.01,-23,-2873.3099999999977,-1351.6999999999998
100492,Core,North Europe,Affiliate,Budget,71.3,1,0,0.165,0.0,171,167,93.47,15983.5,15609.62,2637.28,2575.59,0.1047,0.1067,0.01,-4,-373.8799999999992,-61.690000000000055
100493,Core,North Europe,Direct,Midscale,78.5,1,1,0.165,0.025,180,180,113.6,20448.77,20448.77,3374.05,2862.83,0.0988,0.1025,0.01,0,0.0,-511.22000000000025
100494,Premium,Central Europe,Direct,Upscale,71.8,0,0,0.175,0.0,131,123,200.56,26272.83,24668.38,4597.75,4316.97,0.0863,0.0778,0.01,-8,-1604.4500000000007,-280.77999999999975
100495,Core,North Europe,Direct,Budget,72.7,1,1,0.165,0.025,149,158,107.49,16015.84,16983.24,2642.61,2377.65,0.0956,0.1355,0.01,9,967.4000000000015,-264.96000000000004
100496,Core,West Europe,Mobile,Midscale,66.8,0,0,0.165,0.0,201,209,113.95,22903.22,23814.79,3779.03,3929.44,0.1598,0.1587,0.025,8,911.5699999999997,150.40999999999985
100497,Core,Central Europe,Direct,Upscale,90.7,1,0,0.165,0.0,251,261,320.38,80414.38,83618.14,13268.37,13796.99,0.1323,0.1429,0.01,10,3203.7599999999948,528.619999999999
100498,Core,West Europe,Direct,Midscale,88.7,1,0,0.165,0.0,260,237,137.61,35777.36,32612.44,5903.27,5381.05,0.0551,0.0542,0.025,-23,-3164.920000000002,-522.2200000000003
100499,Core,West Europe,Mobile,Upscale,83.4,1,1,0.165,0.025,100,89,260.22,26021.69,23159.3,4293.58,3242.3,0.0645,0.0597,0.01,-11,-2862.3899999999994,-1051.2799999999997
100500,Premium,West Europe,Corporate,Midscale,97.7,0,0,0.175,0.0,244,250,134.01,32699.36,33503.44,5722.39,5863.1,0.0449,0.0366,0.025,6,804.0800000000017,140.71000000000004
100501,Long Tail,North Europe,Mobile,Upscale,76.1,0,0,0.15,0.0,79,75,219.25,17320.7,16443.7,2598.1,2466.55,0.1219,0.1242,0.01,-4,-877.0,-131.54999999999973
100502,Long Tail,Central Europe,Affiliate,Budget,98.0,0,0,0.15,0.0,166,193,77.95,12939.59,15044.22,1940.94,2256.63,0.0611,0.0569,0.01,27,2104.629999999999,315.69000000000005
100503,Core,West Europe,Affiliate,Midscale,75.7,1,1,0.165,0.025,103,123,111.18,11451.51,13675.1,1889.5,1914.51,0.1019,0.0887,0.025,20,2223.59,25.00999999999999
100504,Core,North Europe,Direct,Midscale,80.6,1,0,0.165,0.0,132,156,126.3,16671.63,19702.84,2750.82,3250.97,0.1404,0.131,0.01,24,3031.209999999999,500.14999999999964
100505,Premium,West Europe,Direct,Midscale,74.0,0,0,0.175,0.0,306,280,155.36,47539.12,43499.85,8319.35,7612.47,0.0975,0.1206,0.025,-26,-4039.270000000004,-706.8800000000001
100506,Core,Central Europe,Affiliate,Upscale,81.7,1,0,0.165,0.0,166,175,231.55,38436.74,40520.66,6342.06,6685.91,0.1069,0.0866,0.01,9,2083.9200000000055,343.84999999999945
100507,Premium,North Europe,Direct,Midscale,86.4,0,0,0.175,0.0,402,434,102.39,41161.68,44438.24,7203.29,7776.69,0.0971,0.1176,0.01,32,3276.5599999999977,573.3999999999996
100508,Core,Central Europe,Affiliate,Midscale,76.9,1,0,0.165,0.0,242,259,153.73,37203.32,39816.78,6138.55,6569.77,0.0799,0.081,0.01,17,2613.459999999999,431.22000000000025
100509,Growth,South Europe,Mobile,Midscale,95.8,1,1,0.155,0.025,222,236,134.84,29935.32,31823.14,4639.98,4137.01,0.1001,0.1003,0.01,14,1887.8199999999997,-502.96999999999935
100510,Growth,Central Europe,Corporate,Midscale,80.4,1,1,0.155,0.025,305,369,123.07,37536.94,45413.54,5818.23,5903.76,0.0694,0.0731,0.01,64,7876.5999999999985,85.53000000000065
100511,Long Tail,Central Europe,Direct,Midscale,80.7,0,0,0.15,0.0,128,128,151.43,19382.64,19382.64,2907.4,2907.4,0.1238,0.1341,0.01,0,0.0,0.0
100512,Growth,Central Europe,Direct,Budget,68.9,1,1,0.155,0.025,260,288,75.14,19535.69,21639.53,3028.03,2813.14,0.0887,0.1164,0.01,28,2103.84,-214.89000000000033
100513,Core,Central Europe,Direct,Midscale,82.2,1,0,0.165,0.0,157,135,109.36,17168.81,14762.99,2832.85,2435.89,0.0767,0.0839,0.01,-22,-2405.8200000000015,-396.96000000000004
100514,Core,North Europe,Direct,Upscale,76.7,1,1,0.165,0.025,276,302,228.36,63026.74,68964.05,10399.41,9654.97,0.0676,0.069,0.01,26,5937.310000000005,-744.4400000000005
100515,Growth,South Europe,Direct,Midscale,71.9,1,1,0.155,0.025,114,122,134.62,15346.64,16423.6,2378.73,2135.07,0.077,0.0731,0.01,8,1076.9599999999991,-243.65999999999985
100516,Core,West Europe,Direct,Midscale,70.2,1,1,0.165,0.025,123,131,133.21,16384.77,17450.45,2703.49,2443.06,0.0913,0.0951,0.025,8,1065.6800000000003,-260.42999999999984
100517,Premium,West Europe,Mobile,Midscale,98.0,0,0,0.175,0.0,192,196,126.09,24208.84,24713.19,4236.55,4324.81,0.03,0.0346,0.025,4,504.34999999999854,88.26000000000022
100518,Growth,Central Europe,Affiliate,Midscale,75.4,1,0,0.155,0.0,171,174,160.96,27524.03,28006.91,4266.22,4341.07,0.0904,0.0852,0.01,3,482.880000000001,74.84999999999945
100519,Premium,Central Europe,Corporate,Budget,63.4,0,0,0.175,0.0,242,241,71.05,17194.32,17123.27,3009.01,2996.57,0.0968,0.0861,0.01,-1,-71.04999999999927,-12.440000000000055
100520,Long Tail,South Europe,Direct,Midscale,71.0,0,0,0.15,0.0,127,136,101.01,12828.33,13737.42,1924.25,2060.61,0.1208,0.1182,0.01,9,909.0900000000001,136.36000000000013
100521,Core,West Europe,Direct,Midscale,77.5,1,0,0.165,0.0,253,248,120.07,30377.48,29777.13,5012.28,4913.23,0.1045,0.081,0.025,-5,-600.3499999999985,-99.05000000000018
100522,Growth,West Europe,Direct,Budget,83.5,1,1,0.155,0.025,334,322,75.87,25341.91,24431.42,3928.0,3176.08,0.0696,0.0783,0.01,-12,-910.4900000000016,-751.9200000000001
100523,Core,West Europe,Direct,Budget,83.5,1,0,0.165,0.0,108,114,85.49,9233.4,9746.37,1523.51,1608.15,0.0757,0.0726,0.01,6,512.9700000000012,84.6400000000001
100524,Growth,West Europe,Direct,Midscale,84.8,1,1,0.155,0.025,351,354,129.39,45415.77,45803.94,7039.44,5954.51,0.0799,0.0968,0.025,3,388.17000000000553,-1084.9299999999994
100525,Core,West Europe,Corporate,Midscale,71.6,1,1,0.165,0.025,175,158,165.21,28912.03,26103.43,4770.49,3654.48,0.1376,0.1448,0.025,-17,-2808.5999999999985,-1116.0099999999998
100526,Long Tail,North Europe,Direct,Midscale,81.4,0,0,0.15,0.0,244,222,151.45,36954.95,33622.95,5543.24,5043.44,0.069,0.0664,0.01,-22,-3332.0,-499.8000000000002
100527,Long Tail,North Europe,Direct,Budget,69.2,0,0,0.15,0.0,96,98,97.71,9379.85,9575.26,1406.98,1436.29,0.0851,0.0774,0.01,2,195.40999999999985,29.309999999999945
100528,Premium,South Europe,Affiliate,Midscale,71.8,0,0,0.175,0.0,108,107,131.35,14185.8,14054.45,2482.51,2459.53,0.072,0.0681,0.01,-1,-131.34999999999854,-22.980000000000018
100529,Core,West Europe,Affiliate,Midscale,68.8,1,0,0.165,0.0,230,186,142.24,32716.35,26457.57,5398.2,4365.5,0.0665,0.0707,0.025,-44,-6258.779999999999,-1032.6999999999998
100530,Premium,Central Europe,Affiliate,Midscale,66.1,0,0,0.175,0.0,268,259,116.7,31275.19,30224.91,5473.16,5289.36,0.1142,0.1151,0.01,-9,-1050.2799999999988,-183.80000000000018
100531,Premium,South Europe,Direct,Midscale,88.6,0,0,0.175,0.0,172,190,135.1,23237.05,25668.83,4066.48,4492.05,0.0866,0.0782,0.01,18,2431.7800000000025,425.57000000000016
100532,Core,North Europe,Mobile,Budget,84.9,1,0,0.165,0.0,142,136,97.54,13850.99,13265.73,2285.41,2188.85,0.1178,0.1193,0.01,-6,-585.2600000000002,-96.55999999999995
100533,Core,North Europe,Direct,Upscale,87.8,1,1,0.165,0.025,278,284,338.92,94219.31,96252.83,15546.19,13475.4,0.1085,0.1134,0.01,6,2033.520000000004,-2070.790000000001
100534,Growth,North Europe,Direct,Budget,78.4,1,1,0.155,0.025,248,295,107.64,26694.27,31753.27,4137.61,4127.93,0.1528,0.1599,0.01,47,5059.0,-9.679999999999382
100535,Growth,Central Europe,Mobile,Midscale,85.8,1,0,0.155,0.0,205,220,128.33,26308.22,28233.21,4077.77,4376.15,0.0829,0.0794,0.01,15,1924.989999999998,298.37999999999965
100536,Core,North Europe,Mobile,Budget,60.4,0,0,0.165,0.0,204,223,94.85,19350.23,21152.45,3192.79,3490.15,0.1064,0.1133,0.01,19,1802.2200000000012,297.3600000000001
100537,Growth,West Europe,Direct,Midscale,86.6,1,0,0.155,0.0,253,190,94.42,23888.53,17940.0,3702.72,2780.7,0.0512,0.0581,0.025,-63,-5948.529999999999,-922.02
100538,Growth,Central Europe,Affiliate,Budget,79.8,1,1,0.155,0.025,157,196,77.37,12146.35,15163.6,1882.68,1971.27,0.1088,0.1124,0.01,39,3017.25,88.58999999999992
100539,Premium,Central Europe,Direct,Upscale,84.3,0,0,0.175,0.0,341,361,238.53,81338.39,86108.97,14234.22,15069.07,0.0893,0.0975,0.01,20,4770.580000000002,834.8500000000004
100540,Long Tail,North Europe,Direct,Midscale,81.8,0,0,0.15,0.0,174,213,156.12,27165.15,33253.89,4074.77,4988.08,0.1054,0.0936,0.01,39,6088.739999999998,913.31
100541,Core,North Europe,Direct,Midscale,68.1,1,0,0.165,0.0,185,172,134.04,24797.77,23055.22,4091.63,3804.11,0.0758,0.0644,0.01,-13,-1742.5499999999993,-287.52
100542,Premium,North Europe,Mobile,Budget,63.0,0,0,0.175,0.0,285,240,106.99,30492.66,25678.03,5336.22,4493.66,0.1188,0.1158,0.01,-45,-4814.630000000001,-842.5600000000004
100543,Long Tail,North Europe,Direct,Budget,70.9,0,0,0.15,0.0,237,237,96.11,22778.71,22778.71,3416.81,3416.81,0.1064,0.1243,0.01,0,0.0,0.0
100544,Growth,North Europe,Mobile,Midscale,83.6,1,1,0.155,0.025,154,165,125.98,19400.16,20785.89,3007.03,2702.17,0.0905,0.0836,0.01,11,1385.7299999999996,-304.8600000000001
100545,Core,West Europe,Direct,Midscale,84.9,1,1,0.165,0.025,188,203,140.27,26371.23,28475.32,4351.25,3986.54,0.0686,0.0654,0.025,15,2104.09,-364.71000000000004
100546,Core,Central Europe,Mobile,Midscale,64.3,0,0,0.165,0.0,165,181,127.21,20989.73,23025.1,3463.31,3799.14,0.1383,0.1568,0.01,16,2035.369999999999,335.8299999999999
100547,Growth,West Europe,Mobile,Upscale,68.2,1,0,0.155,0.0,265,263,191.76,50815.41,50431.9,7876.39,7816.94,0.1555,0.152,0.01,-2,-383.51000000000204,-59.45000000000073
100548,Premium,South Europe,Direct,Midscale,70.8,0,0,0.175,0.0,182,178,105.69,19235.88,18813.11,3366.28,3292.29,0.0736,0.1004,0.01,-4,-422.77000000000044,-73.99000000000024
100549,Core,North Europe,Direct,Upscale,74.4,1,1,0.165,0.025,247,267,271.71,67111.23,72545.34,11073.35,10156.35,0.1153,0.1182,0.01,20,5434.110000000001,-917.0
100550,Core,Central Europe,Direct,Budget,64.4,0,0,0.165,0.0,149,146,89.35,13313.3,13045.25,2196.69,2152.47,0.0365,0.0244,0.01,-3,-268.0499999999993,-44.220000000000255
100551,Growth,South Europe,Mobile,Midscale,63.8,0,0,0.155,0.0,128,124,161.97,20731.73,20083.86,3213.42,3113.0,0.1258,0.1239,0.01,-4,-647.869999999999,-100.42000000000007
100552,Growth,Central Europe,Direct,Midscale,69.8,1,1,0.155,0.025,210,250,86.56,18176.91,21639.17,2817.42,2813.09,0.0557,0.0594,0.01,40,3462.2599999999984,-4.329999999999927
100553,Long Tail,Central Europe,Affiliate,Midscale,78.9,0,0,0.15,0.0,111,124,165.24,18341.46,20489.56,2751.22,3073.43,0.0793,0.0696,0.01,13,2148.100000000002,322.21000000000004
100554,Growth,West Europe,Direct,Upscale,66.2,0,0,0.155,0.0,212,233,234.24,49657.92,54576.87,7696.98,8459.41,0.0736,0.1048,0.01,21,4918.950000000004,762.4300000000003
100555,Growth,North Europe,Mobile,Midscale,76.8,1,0,0.155,0.0,248,244,93.55,23201.58,22827.36,3596.24,3538.24,0.0892,0.0931,0.01,-4,-374.22000000000116,-58.0
100556,Core,North Europe,Affiliate,Upscale,88.6,1,1,0.165,0.025,115,97,239.1,27496.7,23192.87,4536.96,3247.0,0.1025,0.0989,0.01,-18,-4303.830000000002,-1289.96
100557,Core,West Europe,Affiliate,Midscale,65.0,0,0,0.165,0.0,154,152,101.35,15608.44,15405.73,2575.39,2541.95,0.0614,0.0558,0.025,-2,-202.71000000000095,-33.440000000000055
100558,Core,Central Europe,Corporate,Budget,75.9,1,1,0.165,0.025,200,193,70.82,14164.66,13668.9,2337.17,1913.65,0.0866,0.0746,0.01,-7,-495.7600000000002,-423.52
100559,Core,West Europe,Direct,Midscale,88.2,1,1,0.165,0.025,280,282,133.55,37394.07,37661.17,6170.02,5272.56,0.0691,0.0821,0.025,2,267.09999999999854,-897.46
100560,Growth,South Europe,Mobile,Midscale,73.8,1,0,0.155,0.0,267,251,148.93,39764.42,37381.53,6163.48,5794.14,0.1375,0.1174,0.01,-16,-2382.8899999999994,-369.33999999999924
100561,Growth,West Europe,Direct,Upscale,72.3,1,1,0.155,0.025,153,167,184.46,28222.36,30804.8,4374.47,4004.62,0.1105,0.1163,0.01,14,2582.4399999999987,-369.85000000000036
100562,Long Tail,North Europe,Affiliate,Midscale,89.6,0,0,0.15,0.0,137,124,110.62,15155.37,13717.27,2273.3,2057.59,0.051,0.048,0.01,-13,-1438.1000000000004,-215.71000000000004
100563,Core,West Europe,Mobile,Budget,74.9,1,0,0.165,0.0,227,201,65.07,14771.41,13079.53,2437.28,2158.12,0.085,0.1012,0.01,-26,-1691.8799999999992,-279.1600000000003
100564,Core,South Europe,Mobile,Budget,89.0,1,1,0.165,0.025,196,224,106.29,20833.04,23809.19,3437.45,3333.29,0.12,0.1003,0.01,28,2976.149999999998,-104.15999999999985
100565,Core,South Europe,Mobile,Budget,82.3,1,1,0.165,0.025,155,147,103.65,16066.15,15236.93,2650.91,2133.17,0.1064,0.1211,0.01,-8,-829.2199999999993,-517.7399999999998
100566,Premium,West Europe,Direct,Midscale,74.6,0,0,0.175,0.0,231,231,117.64,27174.46,27174.46,4755.53,4755.53,0.0742,0.0745,0.025,0,0.0,0.0
100567,Growth,North Europe,Direct,Budget,82.8,1,0,0.155,0.0,255,277,76.57,19525.52,21210.07,3026.45,3287.56,0.0813,0.0969,0.01,22,1684.5499999999993,261.1100000000001
100568,Core,South Europe,Direct,Midscale,81.2,1,0,0.165,0.0,143,155,121.33,17350.09,18806.04,2862.76,3103.0,0.0839,0.0649,0.01,12,1455.9500000000007,240.23999999999978
100569,Core,North Europe,Affiliate,Midscale,88.2,1,1,0.165,0.025,258,285,115.87,29893.48,33021.87,4932.42,4623.06,0.0685,0.0476,0.01,27,3128.390000000003,-309.3599999999997
100570,Core,Central Europe,Affiliate,Upscale,72.5,1,0,0.165,0.0,199,204,176.83,35188.59,36072.73,5806.12,5952.0,0.0567,0.0543,0.01,5,884.1400000000067,145.8800000000001
100571,Long Tail,North Europe,Direct,Budget,78.4,0,0,0.15,0.0,166,177,73.14,12141.94,12946.53,1821.29,1941.98,0.0759,0.087,0.01,11,804.5900000000001,120.69000000000005
100572,Core,North Europe,Direct,Midscale,77.4,1,1,0.165,0.025,192,222,132.08,25359.07,29321.42,4184.25,4105.0,0.1287,0.1208,0.01,30,3962.3499999999985,-79.25
100573,Premium,West Europe,Direct,Budget,85.0,0,0,0.175,0.0,444,461,81.33,36111.64,37494.29,6319.54,6561.5,0.076,0.0763,0.01,17,1382.6500000000015,241.96000000000004
100574,Long Tail,West Europe,Direct,Upscale,67.7,0,0,0.15,0.0,140,117,187.46,26244.04,21932.52,3936.61,3289.88,0.1021,0.1009,0.01,-23,-4311.52,-646.73
100575,Core,West Europe,Direct,Budget,88.2,1,1,0.165,0.025,271,268,62.42,16916.5,16729.23,2791.22,2342.09,0.0855,0.0858,0.01,-3,-187.27000000000044,-449.12999999999965
100576,Long Tail,West Europe,Mobile,Budget,82.7,0,0,0.15,0.0,169,180,89.25,15084.03,16065.83,2262.6,2409.87,0.1436,0.1282,0.01,11,981.7999999999993,147.26999999999998
100577,Core,Central Europe,Affiliate,Budget,64.8,0,0,0.165,0.0,168,159,111.0,18647.19,17648.23,3076.79,2911.96,0.1082,0.1012,0.01,-9,-998.9599999999991,-164.82999999999993
100578,Long Tail,West Europe,Direct,Midscale,90.1,0,0,0.15,0.0,159,182,157.79,25089.2,28718.46,3763.38,4307.77,0.1073,0.1088,0.025,23,3629.2599999999984,544.3900000000003
100579,Core,West Europe,Mobile,Budget,98.0,1,1,0.165,0.025,181,186,78.3,14173.01,14564.53,2338.55,2039.03,0.0562,0.0803,0.01,5,391.52000000000044,-299.5200000000002
100580,Core,West Europe,Mobile,Midscale,88.0,1,0,0.165,0.0,361,364,135.59,48946.53,49353.29,8076.18,8143.29,0.0757,0.0718,0.025,3,406.76000000000204,67.10999999999967
100581,Core,North Europe,Direct,Midscale,92.3,1,0,0.165,0.0,254,280,106.78,27123.14,29899.53,4475.32,4933.42,0.0778,0.0552,0.01,26,2776.3899999999994,458.10000000000036
100582,Growth,South Europe,Direct,Midscale,78.9,1,0,0.155,0.0,163,160,130.49,21270.08,20878.6,3296.86,3236.18,0.073,0.0686,0.01,-3,-391.4800000000032,-60.68000000000029
100583,Core,North Europe,Direct,Budget,61.4,0,0,0.165,0.0,273,277,80.67,22023.64,22346.33,3633.9,3687.14,0.1067,0.119,0.01,4,322.6900000000023,53.23999999999978
100584,Long Tail,South Europe,Direct,Budget,59.6,0,0,0.15,0.0,112,121,64.72,7248.3,7830.75,1087.25,1174.61,0.136,0.1445,0.01,9,582.4499999999998,87.3599999999999
100585,Core,North Europe,Mobile,Midscale,80.6,1,1,0.165,0.025,270,244,118.5,31995.62,28914.56,5279.28,4048.04,0.0705,0.0657,0.01,-26,-3081.0599999999977,-1231.2399999999998
100586,Growth,Central Europe,Corporate,Budget,72.1,1,1,0.155,0.025,111,119,98.17,10896.69,11682.04,1688.99,1518.67,0.0999,0.1005,0.01,8,785.3500000000004,-170.31999999999994
100587,Core,West Europe,Direct,Midscale,68.9,1,1,0.165,0.025,270,296,146.71,39611.46,43425.9,6535.89,6079.63,0.1212,0.1299,0.025,26,3814.4400000000023,-456.2600000000002
100588,Growth,Central Europe,Mobile,Midscale,77.4,1,0,0.155,0.0,249,250,132.37,32960.42,33092.79,5108.87,5129.38,0.0734,0.0929,0.01,1,132.37000000000262,20.51000000000022
100589,Growth,West Europe,Direct,Midscale,84.2,1,0,0.155,0.0,164,186,93.98,15413.34,17480.98,2389.07,2709.55,0.1139,0.1387,0.025,22,2067.6399999999994,320.48
100590,Long Tail,North Europe,Affiliate,Budget,63.5,0,0,0.15,0.0,138,118,76.88,10609.02,9071.48,1591.35,1360.72,0.1113,0.1133,0.01,-20,-1537.5400000000009,-230.62999999999988
100591,Core,Central Europe,Mobile,Midscale,73.5,1,0,0.165,0.0,315,267,101.57,31995.56,27120.05,5279.27,4474.81,0.0942,0.1253,0.01,-48,-4875.510000000002,-804.46
100592,Core,South Europe,Direct,Budget,93.1,1,1,0.165,0.025,178,197,57.33,10204.8,11294.08,1683.79,1581.17,0.03,0.0351,0.01,19,1089.2800000000007,-102.61999999999989
100593,Core,South Europe,Direct,Midscale,67.2,1,0,0.165,0.0,148,160,146.07,21618.8,23371.68,3567.1,3856.33,0.0959,0.0809,0.01,12,1752.880000000001,289.23
100594,Growth,West Europe,Affiliate,Budget,86.7,1,0,0.155,0.0,215,211,61.64,13251.54,13005.0,2053.99,2015.77,0.093,0.0844,0.01,-4,-246.54000000000087,-38.2199999999998
100595,Core,South Europe,Corporate,Upscale,73.2,1,1,0.165,0.025,195,209,131.28,25598.98,27436.86,4223.83,3841.16,0.1424,0.1522,0.01,14,1837.880000000001,-382.6700000000001
100596,Premium,Central Europe,Direct,Midscale,83.5,0,0,0.175,0.0,344,367,140.43,48308.19,51538.1,8453.93,9019.17,0.1015,0.1292,0.01,23,3229.909999999996,565.2399999999998
100597,Core,South Europe,Direct,Budget,89.0,1,1,0.165,0.025,250,240,76.74,19186.1,18418.66,3165.71,2578.61,0.1093,0.1172,0.01,-10,-767.4399999999987,-587.0999999999999
100598,Long Tail,West Europe,Direct,Budget,85.4,0,0,0.15,0.0,132,124,86.98,11481.32,10785.48,1722.2,1617.82,0.0549,0.0446,0.01,-8,-695.8400000000001,-104.38000000000011
100599,Core,South Europe,Affiliate,Budget,87.1,1,0,0.165,0.0,233,237,71.87,16746.48,17033.98,2763.17,2810.61,0.0801,0.0693,0.01,4,287.5,47.440000000000055
100600,Core,South Europe,Affiliate,Budget,66.5,0,0,0.165,0.0,316,342,82.91,26200.31,28356.03,4323.05,4678.74,0.1366,0.1503,0.01,26,2155.7199999999975,355.6899999999996
100601,Premium,Central Europe,Mobile,Budget,89.1,0,0,0.175,0.0,323,289,108.89,35172.31,31469.96,6155.15,5507.24,0.0588,0.0707,0.01,-34,-3702.3499999999985,-647.9099999999999
100602,Long Tail,West Europe,Mobile,Upscale,69.5,0,0,0.15,0.0,122,120,230.99,28180.28,27718.31,4227.04,4157.75,0.1269,0.1211,0.01,-2,-461.9699999999975,-69.28999999999996
100603,Premium,West Europe,Mobile,Midscale,80.6,0,0,0.175,0.0,226,221,160.95,36373.79,35569.06,6365.41,6224.59,0.1088,0.0863,0.025,-5,-804.7300000000032,-140.8199999999997
100604,Long Tail,Central Europe,Mobile,Budget,80.6,0,0,0.15,0.0,148,154,60.08,8892.23,9252.72,1333.83,1387.91,0.0973,0.0838,0.01,6,360.4899999999998,54.080000000000155
100605,Premium,West Europe,Direct,Midscale,82.9,0,0,0.175,0.0,341,341,149.38,50937.57,50937.57,8914.07,8914.07,0.0797,0.1004,0.025,0,0.0,0.0
100606,Long Tail,South Europe,Affiliate,Budget,81.4,0,0,0.15,0.0,106,101,75.32,7983.83,7607.23,1197.57,1141.08,0.0649,0.0732,0.01,-5,-376.60000000000036,-56.49000000000001
100607,Growth,West Europe,Direct,Upscale,69.6,1,1,0.155,0.025,267,322,266.35,71115.3,85764.52,11022.87,11149.39,0.1471,0.1479,0.01,55,14649.220000000001,126.51999999999862
100608,Premium,North Europe,Direct,Budget,64.5,0,0,0.175,0.0,210,200,80.28,16857.85,16055.1,2950.12,2809.64,0.1241,0.1466,0.01,-10,-802.7499999999982,-140.48000000000002
100609,Core,South Europe,Corporate,Midscale,86.7,1,0,0.165,0.0,212,206,128.36,27211.88,26441.73,4489.96,4362.89,0.0922,0.1157,0.01,-6,-770.1500000000015,-127.06999999999971
100610,Core,North Europe,Mobile,Midscale,79.9,1,0,0.165,0.0,444,380,137.0,60829.77,52061.51,10036.91,8590.15,0.0809,0.0805,0.01,-64,-8768.259999999995,-1446.7600000000002
100611,Core,North Europe,Corporate,Budget,89.5,1,0,0.165,0.0,268,251,75.67,20278.44,18992.12,3345.94,3133.7,0.0815,0.0813,0.01,-17,-1286.3199999999997,-212.24000000000024
100612,Long Tail,South Europe,Direct,Budget,77.6,0,0,0.15,0.0,112,117,97.29,10896.11,11382.54,1634.42,1707.38,0.0979,0.091,0.01,5,486.4300000000003,72.96000000000004
100613,Long Tail,South Europe,Affiliate,Midscale,63.9,0,0,0.15,0.0,139,143,109.43,15210.18,15647.88,2281.53,2347.18,0.1189,0.1155,0.01,4,437.6999999999989,65.64999999999964
100614,Core,Central Europe,Affiliate,Upscale,87.7,1,0,0.165,0.0,294,310,214.8,63152.36,66589.23,10420.14,10987.22,0.101,0.0831,0.01,16,3436.8699999999953,567.0799999999999
100615,Premium,West Europe,Direct,Midscale,74.3,0,0,0.175,0.0,296,311,115.09,34067.47,35793.86,5961.81,6263.93,0.0779,0.06,0.025,15,1726.3899999999994,302.1199999999999
100616,Premium,North Europe,Direct,Midscale,81.4,0,0,0.175,0.0,108,128,122.6,13240.47,15692.4,2317.08,2746.17,0.0529,0.0322,0.01,20,2451.9300000000003,429.09000000000015
100617,Core,Central Europe,Affiliate,Midscale,71.5,1,1,0.165,0.025,56,54,157.69,8830.7,8515.32,1457.07,1192.14,0.1026,0.1027,0.01,-2,-315.380000000001,-264.92999999999984
100618,Growth,North Europe,Direct,Upscale,94.4,1,1,0.155,0.025,241,229,207.96,50119.08,47623.52,7768.46,6191.06,0.0314,0.0347,0.01,-12,-2495.560000000005,-1577.3999999999996
100619,Growth,North Europe,Corporate,Midscale,69.2,1,1,0.155,0.025,238,238,119.58,28460.65,28460.65,4411.4,3699.88,0.095,0.0758,0.01,0,0.0,-711.5199999999995
100620,Premium,West Europe,Direct,Midscale,74.6,0,0,0.175,0.0,267,250,119.09,31798.05,29773.46,5564.66,5210.36,0.0844,0.0756,0.025,-17,-2024.5900000000001,-354.3000000000002
100621,Core,West Europe,Direct,Midscale,79.1,1,0,0.165,0.0,171,156,109.54,18731.88,17088.73,3090.76,2819.64,0.1044,0.1253,0.025,-15,-1643.1500000000015,-271.12000000000035
100622,Long Tail,Central Europe,Mobile,Budget,67.1,0,0,0.15,0.0,158,159,74.44,11761.18,11835.62,1764.18,1775.34,0.155,0.1507,0.01,1,74.44000000000051,11.159999999999854
100623,Core,South Europe,Direct,Upscale,81.3,1,1,0.165,0.025,296,340,74.71,22115.57,25403.02,3649.07,3556.42,0.041,0.0484,0.01,44,3287.4500000000007,-92.65000000000009
100624,Long Tail,South Europe,Corporate,Budget,94.1,0,0,0.15,0.0,82,93,83.88,6877.84,7800.47,1031.68,1170.07,0.1323,0.1477,0.01,11,922.6300000000001,138.38999999999987
100625,Core,North Europe,Mobile,Budget,73.1,1,1,0.165,0.025,101,109,73.37,7410.47,7997.44,1222.73,1119.64,0.093,0.0857,0.01,8,586.9699999999993,-103.08999999999992
100626,Premium,West Europe,Direct,Midscale,82.0,0,0,0.175,0.0,284,339,106.25,30175.97,36019.91,5280.8,6303.48,0.0976,0.0868,0.025,55,5843.940000000002,1022.6799999999994
100627,Growth,West Europe,Mobile,Midscale,50.5,0,0,0.155,0.0,229,222,138.75,31774.63,30803.35,4925.07,4774.52,0.0885,0.0845,0.025,-7,-971.2800000000025,-150.54999999999927
100628,Core,North Europe,Affiliate,Budget,77.6,1,0,0.165,0.0,160,136,114.84,18374.44,15618.28,3031.78,2577.02,0.1187,0.1078,0.01,-24,-2756.159999999998,-454.7600000000002
100629,Premium,West Europe,Mobile,Budget,74.9,0,0,0.175,0.0,106,116,96.83,10263.73,11232.01,1796.15,1965.6,0.0978,0.0964,0.01,10,968.2800000000007,169.44999999999982
100630,Long Tail,West Europe,Mobile,Midscale,69.8,0,0,0.15,0.0,127,106,127.93,16247.26,13560.71,2437.09,2034.11,0.1009,0.1022,0.025,-21,-2686.550000000001,-402.98000000000025
100631,Premium,North Europe,Mobile,Upscale,88.8,0,0,0.175,0.0,296,276,263.76,78073.87,72798.61,13662.93,12739.76,0.0329,0.0287,0.01,-20,-5275.259999999995,-923.1700000000001
100632,Growth,West Europe,Affiliate,Budget,74.7,1,1,0.155,0.025,193,220,54.29,10478.06,11943.9,1624.1,1552.71,0.0988,0.0927,0.01,27,1465.8400000000001,-71.38999999999987
100633,Core,South Europe,Direct,Budget,76.2,1,1,0.165,0.025,274,281,46.19,12656.74,12980.09,2088.36,1817.21,0.1165,0.1394,0.01,7,323.35000000000036,-271.1500000000001
100634,Growth,North Europe,Mobile,Midscale,74.2,1,1,0.155,0.025,237,255,149.28,35379.13,38066.15,5483.76,4948.6,0.0916,0.0864,0.01,18,2687.020000000004,-535.1599999999999
100635,Growth,West Europe,Corporate,Upscale,58.8,0,0,0.155,0.0,147,131,291.62,42868.26,38202.32,6644.58,5921.36,0.144,0.1415,0.01,-16,-4665.940000000002,-723.2200000000003
100636,Core,South Europe,Affiliate,Budget,66.7,0,0,0.165,0.0,148,148,78.69,11645.75,11645.75,1921.55,1921.55,0.1342,0.1303,0.01,0,0.0,0.0
100637,Premium,South Europe,Mobile,Upscale,87.6,0,0,0.175,0.0,260,283,295.85,76919.82,83724.27,13460.97,14651.75,0.0666,0.0555,0.01,23,6804.449999999997,1190.7800000000007
100638,Premium,Central Europe,Direct,Upscale,56.9,0,0,0.175,0.0,182,182,197.06,35864.15,35864.15,6276.23,6276.23,0.1567,0.1493,0.01,0,0.0,0.0
100639,Long Tail,West Europe,Mobile,Budget,70.3,0,0,0.15,0.0,65,60,66.06,4294.18,3963.86,644.13,594.58,0.103,0.1199,0.01,-5,-330.32000000000016,-49.549999999999955
100640,Premium,Central Europe,Corporate,Midscale,74.0,0,0,0.175,0.0,254,225,168.15,42709.82,37833.5,7474.22,6620.86,0.099,0.0853,0.01,-29,-4876.32,-853.3600000000006
100641,Premium,West Europe,Direct,Midscale,95.4,0,0,0.175,0.0,222,206,113.5,25196.57,23380.6,4409.4,4091.61,0.0764,0.0851,0.025,-16,-1815.9700000000012,-317.7899999999995
100642,Growth,West Europe,Direct,Midscale,85.7,1,0,0.155,0.0,199,206,158.73,31586.39,32697.47,4895.89,5068.11,0.0865,0.0871,0.025,7,1111.0800000000017,172.21999999999935
100643,Growth,North Europe,Affiliate,Midscale,72.4,1,1,0.155,0.025,142,160,125.4,17806.42,20063.57,2760.0,2608.26,0.0338,0.02,0.01,18,2257.1500000000015,-151.73999999999978
100644,Core,West Europe,Affiliate,Midscale,91.0,1,1,0.165,0.025,358,339,134.44,48128.06,45573.78,7941.13,6380.33,0.0742,0.0851,0.025,-19,-2554.279999999999,-1560.8000000000002
100645,Long Tail,West Europe,Affiliate,Midscale,70.6,0,0,0.15,0.0,157,126,147.36,23135.61,18567.43,3470.34,2785.11,0.0675,0.0632,0.025,-31,-4568.18,-685.23
100646,Growth,West Europe,Direct,Midscale,88.1,1,1,0.155,0.025,420,469,121.83,51169.32,57139.07,7931.24,7428.08,0.1228,0.1412,0.025,49,5969.75,-503.15999999999985
100647,Core,South Europe,Direct,Upscale,64.4,0,0,0.165,0.0,162,149,306.19,49603.25,45622.74,8184.54,7527.75,0.1481,0.1418,0.01,-13,-3980.510000000002,-656.79
100648,Core,West Europe,Affiliate,Midscale,88.7,1,1,0.165,0.025,267,289,89.98,24024.27,26003.8,3964.0,3640.53,0.1027,0.1047,0.025,22,1979.5299999999988,-323.4699999999998
100649,Growth,West Europe,Affiliate,Midscale,73.9,1,0,0.155,0.0,230,214,144.67,33274.92,30960.14,5157.61,4798.82,0.0919,0.0974,0.025,-16,-2314.779999999999,-358.78999999999996
100650,Core,North Europe,Mobile,Upscale,67.7,1,1,0.165,0.025,146,138,251.97,36787.63,34771.87,6069.96,4868.06,0.0796,0.0802,0.01,-8,-2015.7599999999948,-1201.8999999999996
100651,Long Tail,West Europe,Mobile,Budget,75.8,0,0,0.15,0.0,119,121,90.85,10811.44,10993.14,1621.72,1648.97,0.0793,0.0826,0.01,2,181.6999999999989,27.25
100652,Core,West Europe,Affiliate,Budget,80.8,1,1,0.165,0.025,248,309,77.81,19297.27,24043.78,3184.05,3366.13,0.1388,0.1392,0.01,61,4746.509999999998,182.07999999999993
100653,Growth,West Europe,Mobile,Midscale,73.1,1,1,0.155,0.025,143,164,148.69,21262.74,24385.24,3295.72,3170.08,0.0815,0.0935,0.025,21,3122.5,-125.63999999999987
100654,Long Tail,North Europe,Affiliate,Upscale,83.5,0,0,0.15,0.0,197,199,209.92,41353.99,41773.83,6203.1,6266.07,0.03,0.0276,0.01,2,419.8400000000038,62.969999999999345
100655,Core,South Europe,Affiliate,Budget,72.2,1,0,0.165,0.0,201,207,99.81,20062.6,20661.48,3310.33,3409.14,0.1256,0.1497,0.01,6,598.880000000001,98.80999999999995
100656,Long Tail,Central Europe,Affiliate,Midscale,84.2,0,0,0.15,0.0,189,159,119.85,22651.5,19056.03,3397.73,2858.4,0.124,0.1416,0.01,-30,-3595.470000000001,-539.3299999999999
100657,Core,West Europe,Direct,Budget,82.4,1,0,0.165,0.0,233,209,108.42,25262.51,22660.36,4168.31,3738.96,0.1299,0.1238,0.01,-24,-2602.149999999998,-429.35000000000036
100658,Core,South Europe,Direct,Midscale,77.4,1,0,0.165,0.0,108,84,90.3,9752.13,7584.99,1609.1,1251.52,0.12,0.1286,0.01,-24,-2167.1399999999994,-357.5799999999999
100659,Core,Central Europe,Affiliate,Midscale,73.6,1,0,0.165,0.0,191,221,134.71,25729.43,29770.71,4245.36,4912.17,0.1283,0.1211,0.01,30,4041.279999999999,666.8100000000004
100660,Core,Central Europe,Mobile,Budget,79.5,1,1,0.165,0.025,284,333,76.13,21619.73,25349.9,3567.26,3548.99,0.093,0.0767,0.01,49,3730.170000000002,-18.270000000000437
100661,Long Tail,South Europe,Mobile,Upscale,83.5,0,0,0.15,0.0,147,152,236.13,34710.54,35891.17,5206.58,5383.68,0.0353,0.0434,0.01,5,1180.6299999999974,177.10000000000036
100662,Growth,Central Europe,Direct,Budget,98.0,1,0,0.155,0.0,249,252,67.9,16907.46,17111.17,2620.66,2652.23,0.0718,0.0852,0.01,3,203.70999999999913,31.570000000000164
100663,Growth,Central Europe,Affiliate,Upscale,87.4,1,1,0.155,0.025,244,233,161.26,39347.11,37573.26,6098.8,4884.52,0.0984,0.1005,0.01,-11,-1773.8499999999985,-1214.2799999999997
100664,Core,South Europe,Direct,Budget,87.8,1,1,0.165,0.025,106,108,113.35,12015.42,12242.13,1982.54,1713.9,0.0791,0.0595,0.01,2,226.70999999999913,-268.6399999999999
100665,Premium,West Europe,Mobile,Upscale,98.0,0,0,0.175,0.0,405,470,260.12,105347.76,122255.43,18435.86,21394.7,0.0666,0.0964,0.01,65,16907.67,2958.84
100666,Premium,North Europe,Mobile,Midscale,83.2,0,0,0.175,0.0,101,102,137.94,13931.44,14069.38,2438.0,2462.14,0.0635,0.0591,0.01,1,137.9399999999987,24.139999999999873
100667,Long Tail,North Europe,Affiliate,Budget,82.8,0,0,0.15,0.0,219,208,63.87,13987.63,13285.06,2098.14,1992.76,0.0629,0.0436,0.01,-11,-702.5699999999997,-105.37999999999988
100668,Core,West Europe,Affiliate,Budget,85.0,1,1,0.165,0.025,183,160,103.65,18967.96,16584.01,3129.71,2321.76,0.1315,0.1527,0.01,-23,-2383.9500000000007,-807.9499999999998
100669,Core,West Europe,Direct,Budget,67.9,1,0,0.165,0.0,215,242,83.07,17859.68,20102.53,2946.85,3316.92,0.1514,0.1691,0.01,27,2242.8499999999985,370.07000000000016
100670,Growth,West Europe,Direct,Midscale,73.6,1,1,0.155,0.025,102,110,166.18,16950.5,18279.95,2627.33,2376.39,0.0982,0.0906,0.025,8,1329.4500000000007,-250.94000000000005
100671,Core,West Europe,Mobile,Midscale,72.9,1,1,0.165,0.025,248,214,134.16,33272.34,28710.81,5489.94,4019.51,0.106,0.1121,0.025,-34,-4561.529999999995,-1470.4299999999994
100672,Long Tail,West Europe,Mobile,Midscale,84.5,0,0,0.15,0.0,172,158,147.19,25316.58,23255.93,3797.49,3488.39,0.0616,0.0551,0.025,-14,-2060.6500000000015,-309.0999999999999
100673,Premium,Central Europe,Affiliate,Midscale,76.3,0,0,0.175,0.0,285,252,103.22,29418.11,26011.81,5148.17,4552.07,0.1113,0.1059,0.01,-33,-3406.2999999999993,-596.1000000000004
100674,Core,North Europe,Direct,Midscale,79.4,1,1,0.165,0.025,95,97,140.4,13338.14,13618.95,2200.79,1906.65,0.1358,0.134,0.01,2,280.8100000000013,-294.1399999999999
100675,Core,North Europe,Direct,Midscale,88.9,1,0,0.165,0.0,161,164,133.68,21522.81,21923.86,3551.26,3617.44,0.043,0.0487,0.01,3,401.0499999999993,66.17999999999984
100676,Long Tail,South Europe,Direct,Midscale,86.6,0,0,0.15,0.0,163,156,162.04,26413.01,25278.71,3961.95,3791.81,0.0953,0.0942,0.01,-7,-1134.2999999999993,-170.13999999999987
100677,Core,Central Europe,Direct,Midscale,76.4,1,1,0.165,0.025,285,315,123.11,35086.33,38779.62,5789.24,5429.15,0.1086,0.1009,0.01,30,3693.290000000001,-360.09000000000015
100678,Growth,Central Europe,Direct,Midscale,71.3,1,0,0.155,0.0,148,149,129.68,19193.23,19322.91,2974.95,2995.05,0.114,0.118,0.01,1,129.6800000000003,20.100000000000364
100679,Core,Central Europe,Corporate,Upscale,89.4,1,1,0.165,0.025,154,174,279.59,43056.46,48648.21,7104.32,6810.75,0.1218,0.1193,0.01,20,5591.75,-293.5699999999997
100680,Growth,Central Europe,Affiliate,Midscale,85.7,1,0,0.155,0.0,256,248,132.98,34041.67,32977.86,5276.46,5111.57,0.1356,0.1181,0.01,-8,-1063.8099999999977,-164.89000000000033
100681,Growth,West Europe,Direct,Budget,61.9,0,0,0.155,0.0,414,527,92.64,38351.55,48819.49,5944.49,7567.02,0.1053,0.0868,0.01,113,10467.939999999995,1622.5300000000007
100682,Growth,West Europe,Direct,Budget,74.9,1,0,0.155,0.0,170,161,69.74,11855.5,11227.86,1837.6,1740.32,0.1136,0.15,0.01,-9,-627.6399999999994,-97.27999999999997
100683,Core,West Europe,Direct,Midscale,79.7,1,1,0.165,0.025,176,165,111.27,19583.69,18359.71,3231.31,2570.36,0.0936,0.1149,0.025,-11,-1223.9799999999996,-660.9499999999998
100684,Core,South Europe,Mobile,Midscale,85.8,1,0,0.165,0.0,174,158,133.58,23242.33,21105.1,3834.98,3482.34,0.0689,0.085,0.01,-16,-2137.230000000003,-352.6399999999999
100685,Core,Central Europe,Direct,Upscale,87.1,1,1,0.165,0.025,202,205,239.73,48426.29,49145.49,7990.34,6880.37,0.09,0.1299,0.01,3,719.1999999999971,-1109.9700000000003
100686,Core,West Europe,Mobile,Midscale,80.8,1,1,0.165,0.025,302,261,140.89,42548.05,36771.66,7020.43,5148.03,0.107,0.1167,0.025,-41,-5776.389999999999,-1872.4000000000005
100687,Long Tail,West Europe,Mobile,Midscale,83.9,0,0,0.15,0.0,137,141,130.83,17923.11,18446.42,2688.47,2766.96,0.0923,0.0825,0.025,4,523.3099999999977,78.49000000000024
100688,Premium,West Europe,Direct,Midscale,78.6,0,0,0.175,0.0,538,446,130.94,70443.18,58397.13,12327.56,10219.5,0.0706,0.0548,0.025,-92,-12046.049999999996,-2108.0599999999995
100689,Core,North Europe,Affiliate,Budget,71.3,1,0,0.165,0.0,196,199,76.7,15033.84,15263.95,2480.58,2518.55,0.0892,0.0822,0.01,3,230.11000000000058,37.970000000000255
100690,Core,North Europe,Corporate,Midscale,75.4,1,0,0.165,0.0,301,264,110.45,33245.29,29158.66,5485.47,4811.18,0.0848,0.1008,0.01,-37,-4086.630000000001,-674.29
100691,Long Tail,North Europe,Direct,Budget,78.2,0,0,0.15,0.0,121,117,84.27,10197.12,9860.02,1529.57,1479.0,0.0721,0.0822,0.01,-4,-337.10000000000036,-50.569999999999936
100692,Growth,Central Europe,Direct,Midscale,77.7,1,0,0.155,0.0,137,144,130.16,17831.95,18743.07,2763.95,2905.18,0.1016,0.0899,0.01,7,911.119999999999,141.23000000000002
100693,Core,West Europe,Corporate,Upscale,59.1,0,0,0.165,0.0,168,203,205.27,34485.16,41669.57,5690.05,6875.48,0.1247,0.121,0.01,35,7184.409999999996,1185.4299999999994
100694,Long Tail,Central Europe,Mobile,Midscale,74.0,0,0,0.15,0.0,157,142,127.64,20039.11,18124.54,3005.87,2718.68,0.1222,0.1312,0.01,-15,-1914.5699999999997,-287.19000000000005
100695,Core,South Europe,Affiliate,Upscale,78.6,1,1,0.165,0.025,150,153,256.05,38408.04,39176.2,6337.33,5484.67,0.0713,0.0453,0.01,3,768.1599999999962,-852.6599999999999
100696,Premium,North Europe,Affiliate,Midscale,75.2,0,0,0.175,0.0,346,323,124.98,43243.16,40368.62,7567.55,7064.51,0.082,0.083,0.01,-23,-2874.540000000001,-503.03999999999996
100697,Core,North Europe,Direct,Upscale,75.5,1,1,0.165,0.025,165,158,216.89,35786.7,34268.47,5904.8,4797.59,0.1349,0.1436,0.01,-7,-1518.229999999996,-1107.21
100698,Core,Central Europe,Mobile,Midscale,82.9,1,0,0.165,0.0,139,130,131.47,18273.82,17090.62,3015.18,2819.95,0.0838,0.0885,0.01,-9,-1183.2000000000007,-195.23000000000002
100699,Core,West Europe,Affiliate,Midscale,67.2,1,1,0.165,0.025,377,413,126.05,47519.28,52056.93,7840.68,7287.97,0.1061,0.1049,0.025,36,4537.6500000000015,-552.71
100700,Growth,Central Europe,Direct,Budget,61.7,0,0,0.155,0.0,143,137,80.71,11541.1,11056.86,1788.87,1713.81,0.107,0.0992,0.01,-6,-484.2399999999998,-75.05999999999995
100701,Core,North Europe,Mobile,Budget,74.5,1,0,0.165,0.0,162,195,70.1,11355.75,13668.96,1873.7,2255.38,0.1255,0.1189,0.01,33,2313.209999999999,381.68000000000006
100702,Growth,South Europe,Corporate,Midscale,85.6,1,1,0.155,0.025,292,331,122.3,35712.41,40482.21,5535.42,5262.69,0.1141,0.1193,0.01,39,4769.799999999996,-272.7300000000005
100703,Long Tail,Central Europe,Mobile,Budget,94.9,0,0,0.15,0.0,134,122,65.15,8730.05,7948.25,1309.51,1192.24,0.1024,0.0837,0.01,-12,-781.7999999999993,-117.26999999999998
100704,Core,North Europe,Direct,Midscale,85.8,1,1,0.165,0.025,144,144,166.74,24009.94,24009.94,3961.64,3361.39,0.0853,0.0768,0.01,0,0.0,-600.25
100705,Core,West Europe,Direct,Upscale,63.3,0,0,0.165,0.0,143,133,169.98,24307.73,22607.89,4010.78,3730.3,0.0878,0.0976,0.01,-10,-1699.8400000000001,-280.48
100706,Premium,Central Europe,Corporate,Upscale,75.7,0,0,0.175,0.0,438,470,168.91,73983.06,79388.21,12947.04,13892.94,0.144,0.1275,0.01,32,5405.150000000009,945.8999999999996
100707,Premium,West Europe,Corporate,Budget,80.6,0,0,0.175,0.0,299,255,101.0,30199.82,25755.7,5284.97,4507.25,0.1119,0.1152,0.01,-44,-4444.119999999999,-777.7200000000003
100708,Core,West Europe,Affiliate,Upscale,79.8,1,0,0.165,0.0,261,230,230.41,60135.79,52993.22,9922.4,8743.88,0.0799,0.0894,0.01,-31,-7142.57,-1178.5200000000004
100709,Core,West Europe,Affiliate,Budget,83.4,1,1,0.165,0.025,226,222,88.53,20007.14,19653.03,3301.18,2751.42,0.1229,0.1258,0.01,-4,-354.1100000000006,-549.7599999999998
100710,Long Tail,West Europe,Affiliate,Midscale,68.8,0,0,0.15,0.0,147,156,104.99,15433.33,16378.22,2315.0,2456.73,0.0901,0.0869,0.025,9,944.8899999999994,141.73000000000002
100711,Core,South Europe,Direct,Upscale,78.6,1,0,0.165,0.0,172,191,209.03,35952.38,39923.87,5932.14,6587.44,0.1279,0.1476,0.01,19,3971.4900000000052,655.2999999999993
100712,Premium,South Europe,Direct,Budget,82.2,0,0,0.175,0.0,261,293,67.63,17652.7,19817.01,3089.22,3467.98,0.1256,0.1322,0.01,32,2164.3099999999977,378.7600000000002
100713,Long Tail,West Europe,Direct,Budget,86.3,0,0,0.15,0.0,65,68,82.55,5365.7,5613.34,804.85,842.0,0.0611,0.0387,0.01,3,247.64000000000033,37.14999999999998
100714,Premium,Central Europe,Direct,Budget,69.9,0,0,0.175,0.0,316,314,82.74,26145.81,25980.33,4575.52,4546.56,0.1168,0.1247,0.01,-2,-165.47999999999956,-28.960000000000036
100715,Growth,North Europe,Mobile,Midscale,74.5,1,1,0.155,0.025,183,213,143.3,26223.34,30522.24,4064.62,3967.89,0.1167,0.1132,0.01,30,4298.9000000000015,-96.73000000000002
100716,Core,North Europe,Direct,Midscale,51.0,0,0,0.165,0.0,104,93,145.37,15118.99,13519.86,2494.63,2230.78,0.1887,0.197,0.01,-11,-1599.1299999999992,-263.8499999999999
100717,Growth,South Europe,Direct,Budget,71.8,1,1,0.155,0.025,223,207,73.7,16434.95,15255.76,2547.42,1983.25,0.0817,0.0719,0.01,-16,-1179.1900000000005,-564.1700000000001
100718,Core,Central Europe,Affiliate,Budget,72.8,1,1,0.165,0.025,178,191,91.59,16303.14,17493.82,2690.02,2449.13,0.135,0.1137,0.01,13,1190.6800000000003,-240.88999999999987
100719,Long Tail,North Europe,Direct,Midscale,67.8,0,0,0.15,0.0,171,156,150.73,25774.56,23513.63,3866.18,3527.04,0.1051,0.0986,0.01,-15,-2260.9300000000003,-339.1399999999999
100720,Core,North Europe,Direct,Budget,79.7,1,0,0.165,0.0,197,196,59.19,11659.46,11600.28,1923.81,1914.05,0.0605,0.0605,0.01,-1,-59.17999999999847,-9.759999999999991
100721,Core,West Europe,Affiliate,Midscale,77.4,1,1,0.165,0.025,158,163,74.5,11770.48,12142.97,1942.13,1700.02,0.091,0.0989,0.025,5,372.4899999999998,-242.11000000000013
100722,Growth,Central Europe,Direct,Upscale,55.4,0,0,0.155,0.0,182,186,204.25,37173.61,37990.61,5761.91,5888.54,0.1185,0.1158,0.01,4,817.0,126.63000000000011
100723,Long Tail,North Europe,Affiliate,Midscale,80.2,0,0,0.15,0.0,220,239,112.2,24684.5,26816.34,3702.67,4022.45,0.0645,0.0504,0.01,19,2131.84,319.77999999999975
100724,Growth,West Europe,Corporate,Upscale,68.7,1,0,0.155,0.0,282,303,291.76,82275.96,88402.89,12752.77,13702.45,0.1115,0.1173,0.01,21,6126.929999999993,949.6800000000003
100725,Growth,South Europe,Direct,Midscale,82.9,1,1,0.155,0.025,274,305,165.64,45385.93,50520.83,7034.82,6567.71,0.1119,0.1451,0.01,31,5134.9000000000015,-467.1099999999997
100726,Growth,West Europe,Corporate,Upscale,65.2,0,0,0.155,0.0,279,268,164.06,45773.81,43969.1,7094.94,6815.21,0.1135,0.0941,0.01,-11,-1804.7099999999991,-279.72999999999956
100727,Growth,North Europe,Corporate,Budget,78.3,1,0,0.155,0.0,273,276,62.08,16948.79,17135.04,2627.06,2655.93,0.0795,0.0914,0.01,3,186.25,28.86999999999989
100728,Core,North Europe,Mobile,Budget,75.2,1,1,0.165,0.025,140,137,79.2,11087.58,10849.99,1829.45,1519.0,0.0928,0.0976,0.01,-3,-237.59000000000015,-310.45000000000005
100729,Core,West Europe,Affiliate,Midscale,81.0,1,0,0.165,0.0,264,259,169.92,44859.79,44010.17,7401.87,7261.68,0.0899,0.0918,0.025,-5,-849.6200000000026,-140.1899999999996
100730,Core,West Europe,Affiliate,Budget,79.2,1,1,0.165,0.025,292,371,81.58,23820.6,30265.22,3930.4,4237.13,0.0974,0.1024,0.01,79,6444.620000000003,306.73
100731,Growth,Central Europe,Affiliate,Upscale,75.4,1,1,0.155,0.025,320,356,260.9,83488.42,92880.87,12940.71,12074.51,0.1239,0.1192,0.01,36,9392.449999999997,-866.1999999999989
100732,Growth,South Europe,Mobile,Midscale,62.6,0,0,0.155,0.0,130,135,149.81,19475.24,20224.29,3018.66,3134.76,0.1172,0.1312,0.01,5,749.0499999999993,116.10000000000036
100733,Core,South Europe,Direct,Upscale,63.2,0,0,0.165,0.0,149,140,200.86,29927.65,28119.94,4938.06,4639.79,0.0747,0.0712,0.01,-9,-1807.7100000000028,-298.27000000000044
100734,Growth,Central Europe,Corporate,Budget,72.2,1,0,0.155,0.0,166,181,71.4,11852.66,12923.69,1837.16,2003.17,0.0858,0.0982,0.01,15,1071.0300000000007,166.01
100735,Premium,West Europe,Affiliate,Midscale,77.9,0,0,0.175,0.0,216,231,125.5,27106.95,28989.38,4743.72,5073.14,0.0976,0.0991,0.025,15,1882.4300000000003,329.4200000000001
100736,Growth,West Europe,Mobile,Midscale,71.9,1,1,0.155,0.025,244,280,180.53,44048.38,50547.33,6827.5,6571.15,0.1282,0.1304,0.025,36,6498.950000000004,-256.35000000000036
100737,Core,Central Europe,Direct,Budget,84.3,1,1,0.165,0.025,219,231,93.38,20450.77,21571.36,3374.38,3019.99,0.1188,0.1323,0.01,12,1120.5900000000001,-354.3900000000003
100738,Core,West Europe,Direct,Midscale,75.2,1,0,0.165,0.0,206,225,141.21,29088.35,31771.26,4799.58,5242.26,0.1408,0.1557,0.025,19,2682.91,442.6800000000003
100739,Core,South Europe,Affiliate,Midscale,68.3,1,1,0.165,0.025,111,128,147.16,16334.45,18836.12,2695.18,2637.06,0.1073,0.1148,0.01,17,2501.6699999999983,-58.11999999999989
100740,Growth,South Europe,Affiliate,Upscale,75.2,1,1,0.155,0.025,177,198,218.96,38755.3,43353.39,6007.07,5635.94,0.1155,0.1136,0.01,21,4598.0899999999965,-371.1300000000001
100741,Growth,North Europe,Direct,Midscale,80.3,1,1,0.155,0.025,339,368,108.88,36910.88,40068.45,5721.19,5208.9,0.0545,0.1024,0.01,29,3157.5699999999997,-512.29
100742,Long Tail,West Europe,Direct,Budget,81.2,0,0,0.15,0.0,201,217,71.84,14439.55,15588.97,2165.93,2338.35,0.1005,0.0999,0.01,16,1149.42,172.42000000000007
100743,Growth,North Europe,Direct,Midscale,96.8,1,0,0.155,0.0,241,221,162.64,39196.53,35943.71,6075.46,5571.27,0.0456,0.0365,0.01,-20,-3252.8199999999997,-504.1899999999996
100744,Core,North Europe,Affiliate,Midscale,71.3,1,1,0.165,0.025,246,239,141.03,34692.83,33705.63,5724.32,4718.79,0.0992,0.0835,0.01,-7,-987.2000000000044,-1005.5299999999997
100745,Core,West Europe,Direct,Budget,77.3,1,0,0.165,0.0,224,223,80.73,18082.73,18002.01,2983.65,2970.33,0.1699,0.1444,0.01,-1,-80.72000000000116,-13.320000000000164
100746,Core,West Europe,Corporate,Midscale,82.3,1,1,0.165,0.025,276,238,135.24,37327.54,32188.24,6159.04,4506.35,0.0962,0.0959,0.025,-38,-5139.299999999999,-1652.6899999999996
100747,Core,South Europe,Direct,Budget,77.8,1,0,0.165,0.0,262,282,53.68,14063.32,15136.86,2320.45,2497.58,0.072,0.0958,0.01,20,1073.5400000000009,177.1300000000001
100748,Premium,Central Europe,Direct,Budget,73.0,0,0,0.175,0.0,234,214,74.15,17350.4,15867.46,3036.32,2776.8,0.1091,0.1012,0.01,-20,-1482.9400000000023,-259.52
100749,Long Tail,Central Europe,Direct,Midscale,62.5,0,0,0.15,0.0,146,140,118.43,17291.21,16580.62,2593.68,2487.09,0.0976,0.1205,0.01,-6,-710.5900000000001,-106.58999999999969
100750,Core,West Europe,Affiliate,Budget,72.9,1,0,0.165,0.0,222,218,83.91,18627.49,18291.86,3073.54,3018.16,0.075,0.0798,0.01,-4,-335.630000000001,-55.38000000000011
100751,Core,West Europe,Affiliate,Midscale,67.3,1,0,0.165,0.0,186,187,156.89,29181.67,29338.56,4814.97,4840.86,0.1578,0.1572,0.025,1,156.89000000000306,25.889999999999418
100752,Growth,West Europe,Affiliate,Budget,60.7,0,0,0.155,0.0,180,174,109.38,19687.83,19031.57,3051.61,2949.89,0.1392,0.1212,0.01,-6,-656.260000000002,-101.72000000000025
100753,Core,North Europe,Corporate,Midscale,70.0,1,0,0.165,0.0,328,326,143.7,47133.63,46846.23,7777.05,7729.63,0.1108,0.1109,0.01,-2,-287.3999999999942,-47.42000000000007
100754,Premium,Central Europe,Direct,Budget,67.5,0,0,0.175,0.0,227,226,101.36,23007.65,22906.3,4026.34,4008.6,0.0952,0.1179,0.01,-1,-101.35000000000218,-17.740000000000236
100755,Growth,West Europe,Mobile,Upscale,83.8,1,1,0.155,0.025,290,306,133.63,38752.59,40890.66,6006.65,5315.79,0.0791,0.0905,0.01,16,2138.070000000007,-690.8599999999997
100756,Core,North Europe,Direct,Budget,84.0,1,1,0.165,0.025,351,339,105.94,37184.44,35913.18,6135.43,5027.85,0.1252,0.1466,0.01,-12,-1271.260000000002,-1107.58
100757,Long Tail,Central Europe,Direct,Midscale,69.0,0,0,0.15,0.0,154,169,162.39,25008.71,27444.63,3751.31,4116.69,0.111,0.0973,0.01,15,2435.920000000002,365.37999999999965
100758,Growth,West Europe,Affiliate,Budget,75.4,1,1,0.155,0.025,256,232,95.32,24400.98,22113.38,3782.15,2874.74,0.03,0.0227,0.01,-24,-2287.5999999999985,-907.4100000000003
100759,Core,North Europe,Direct,Budget,59.4,0,0,0.165,0.0,175,172,91.89,16080.63,15804.96,2653.3,2607.82,0.1745,0.1643,0.01,-3,-275.6700000000001,-45.48000000000002
100760,Premium,North Europe,Affiliate,Midscale,73.1,0,0,0.175,0.0,272,261,126.45,34395.35,33004.37,6019.19,5775.76,0.1034,0.1187,0.01,-11,-1390.979999999996,-243.42999999999938
100761,Growth,South Europe,Mobile,Upscale,82.0,1,1,0.155,0.025,204,231,208.88,42612.4,48252.27,6604.92,6272.8,0.0975,0.0757,0.01,27,5639.869999999995,-332.1199999999999
100762,Growth,South Europe,Mobile,Upscale,86.2,1,0,0.155,0.0,536,466,232.43,124582.76,108312.63,19310.33,16788.46,0.1113,0.1137,0.01,-70,-16270.12999999999,-2521.8700000000026
100763,Growth,North Europe,Affiliate,Budget,70.9,1,0,0.155,0.0,126,120,90.7,11427.89,10883.7,1771.32,1686.97,0.1129,0.1093,0.01,-6,-544.1899999999987,-84.34999999999991
100764,Long Tail,Central Europe,Affiliate,Budget,88.5,0,0,0.15,0.0,139,138,71.92,9996.2,9924.29,1499.43,1488.64,0.1003,0.1189,0.01,-1,-71.90999999999985,-10.789999999999964
100765,Growth,Central Europe,Direct,Midscale,62.8,0,0,0.155,0.0,239,262,157.61,37668.14,41293.11,5838.56,6400.43,0.0996,0.0878,0.01,23,3624.970000000001,561.8699999999999
100766,Growth,Central Europe,Direct,Midscale,65.5,0,0,0.155,0.0,238,245,110.77,26363.0,27138.38,4086.26,4206.45,0.0765,0.0771,0.01,7,775.380000000001,120.1899999999996
100767,Growth,North Europe,Direct,Budget,85.1,1,1,0.155,0.025,208,206,106.12,22073.64,21861.39,3421.41,2841.98,0.0925,0.0915,0.01,-2,-212.25,-579.4299999999998
100768,Growth,North Europe,Mobile,Midscale,94.7,1,1,0.155,0.025,129,136,112.47,14508.25,15295.52,2248.78,1988.42,0.1106,0.1116,0.01,7,787.2700000000004,-260.3600000000001
100769,Core,Central Europe,Corporate,Midscale,82.9,1,1,0.165,0.025,132,147,127.07,16773.61,18679.7,2767.65,2615.16,0.0717,0.0812,0.01,15,1906.0900000000001,-152.49000000000024
100770,Growth,West Europe,Direct,Midscale,77.6,1,0,0.155,0.0,236,210,107.97,25481.16,22673.91,3949.58,3514.46,0.0756,0.067,0.025,-26,-2807.25,-435.1199999999999
100771,Core,South Europe,Affiliate,Midscale,56.0,0,0,0.165,0.0,79,78,133.93,10580.58,10446.65,1745.8,1723.7,0.1482,0.1653,0.01,-1,-133.9300000000003,-22.09999999999991
100772,Core,South Europe,Mobile,Midscale,57.8,0,0,0.165,0.0,213,213,131.36,27979.51,27979.51,4616.62,4616.62,0.1044,0.1273,0.01,0,0.0,0.0
100773,Long Tail,North Europe,Mobile,Budget,79.3,0,0,0.15,0.0,205,198,64.62,13246.21,12793.9,1986.93,1919.09,0.0816,0.083,0.01,-7,-452.3099999999995,-67.84000000000015
100774,Growth,South Europe,Affiliate,Midscale,74.4,1,1,0.155,0.025,283,379,154.22,43645.07,58450.46,6764.99,7598.56,0.088,0.0761,0.01,96,14805.39,833.5700000000006
100775,Long Tail,Central Europe,Affiliate,Budget,66.9,0,0,0.15,0.0,177,170,97.22,17207.86,16527.32,2581.18,2479.1,0.104,0.0968,0.01,-7,-680.5400000000009,-102.07999999999993
100776,Core,South Europe,Mobile,Midscale,78.7,1,0,0.165,0.0,95,99,158.38,15045.93,15679.45,2482.58,2587.11,0.0533,0.0533,0.01,4,633.5200000000004,104.5300000000002
100777,Growth,West Europe,Mobile,Midscale,79.2,1,1,0.155,0.025,203,205,130.71,26533.91,26795.33,4112.76,3483.39,0.0786,0.0772,0.025,2,261.4200000000019,-629.3700000000003
100778,Premium,Central Europe,Direct,Midscale,87.4,0,0,0.175,0.0,181,190,134.47,24338.66,25548.87,4259.26,4471.05,0.0886,0.0874,0.01,9,1210.2099999999991,211.78999999999996
100779,Long Tail,West Europe,Corporate,Budget,79.4,0,0,0.15,0.0,76,82,77.96,5924.91,6392.67,888.74,958.9,0.0974,0.1024,0.01,6,467.7600000000002,70.15999999999997
100780,Growth,South Europe,Direct,Budget,90.3,1,0,0.155,0.0,203,192,102.22,20750.56,19626.15,3216.34,3042.05,0.1086,0.1038,0.01,-11,-1124.4099999999999,-174.28999999999996
100781,Long Tail,Central Europe,Mobile,Midscale,78.1,0,0,0.15,0.0,227,226,150.67,34201.88,34051.21,5130.28,5107.68,0.1392,0.137,0.01,-1,-150.66999999999825,-22.599999999999454
100782,Core,South Europe,Direct,Midscale,76.8,1,1,0.165,0.025,364,347,125.95,45846.04,43704.87,7564.6,6118.68,0.1324,0.1165,0.01,-17,-2141.1699999999983,-1445.92
100783,Core,West Europe,Direct,Upscale,88.6,1,0,0.165,0.0,157,141,179.33,28155.41,25286.07,4645.64,4172.2,0.1044,0.1006,0.01,-16,-2869.34,-473.4400000000005
100784,Long Tail,North Europe,Direct,Midscale,68.2,0,0,0.15,0.0,131,143,117.12,15342.66,16748.1,2301.4,2512.21,0.1005,0.0952,0.01,12,1405.4399999999987,210.80999999999995
100785,Core,North Europe,Direct,Upscale,98.0,1,1,0.165,0.025,262,258,236.01,61834.43,60890.39,10202.68,8524.66,0.0555,0.0419,0.01,-4,-944.0400000000009,-1678.0200000000004
100786,Premium,West Europe,Direct,Budget,81.8,0,0,0.175,0.0,230,180,104.53,24043.01,18816.27,4207.53,3292.85,0.0896,0.0684,0.01,-50,-5226.739999999998,-914.6799999999998
100787,Core,West Europe,Direct,Midscale,81.8,1,0,0.165,0.0,314,364,153.74,48273.4,55960.25,7965.11,9233.44,0.1037,0.1226,0.025,50,7686.8499999999985,1268.3300000000008
100788,Premium,South Europe,Affiliate,Budget,83.3,0,0,0.175,0.0,216,200,75.74,16360.24,15148.37,2863.04,2650.97,0.108,0.1097,0.01,-16,-1211.869999999999,-212.07000000000016
100789,Core,West Europe,Direct,Midscale,96.8,1,1,0.165,0.025,182,182,168.46,30659.9,30659.9,5058.88,4292.39,0.0881,0.0713,0.025,0,0.0,-766.4899999999998
100790,Growth,South Europe,Mobile,Budget,85.9,1,0,0.155,0.0,172,197,66.77,11484.45,13153.7,1780.09,2038.82,0.0815,0.0902,0.01,25,1669.25,258.73
100791,Core,Central Europe,Mobile,Budget,61.9,0,0,0.165,0.0,162,160,87.65,14199.19,14023.89,2342.87,2313.94,0.1308,0.1223,0.01,-2,-175.3000000000011,-28.929999999999836
100792,Core,West Europe,Mobile,Midscale,92.0,1,1,0.165,0.025,75,75,121.44,9108.24,9108.24,1502.86,1275.15,0.1093,0.1315,0.025,0,0.0,-227.7099999999998
100793,Growth,South Europe,Direct,Midscale,74.6,1,0,0.155,0.0,200,178,104.54,20907.71,18607.86,3240.7,2884.22,0.1191,0.1067,0.01,-22,-2299.8499999999985,-356.48
100794,Growth,South Europe,Direct,Budget,79.1,1,0,0.155,0.0,233,199,72.72,16943.4,14470.98,2626.23,2243.0,0.0913,0.0884,0.01,-34,-2472.420000000002,-383.23
100795,Core,West Europe,Corporate,Budget,65.2,0,0,0.165,0.0,74,73,65.02,4811.3,4746.28,793.86,783.14,0.0867,0.0951,0.01,-1,-65.02000000000044,-10.720000000000027
100796,Growth,North Europe,Direct,Midscale,83.3,1,1,0.155,0.025,245,276,134.91,33052.48,37234.63,5123.13,4840.5,0.066,0.0312,0.01,31,4182.149999999994,-282.6300000000001
100797,Growth,South Europe,Direct,Budget,71.5,1,0,0.155,0.0,143,147,86.71,12400.09,12746.94,1922.01,1975.78,0.0835,0.0908,0.01,4,346.85000000000036,53.76999999999998
100798,Premium,Central Europe,Corporate,Budget,79.0,0,0,0.175,0.0,263,252,78.12,20544.79,19685.5,3595.34,3444.96,0.0986,0.0702,0.01,-11,-859.2900000000009,-150.3800000000001
100799,Premium,South Europe,Corporate,Midscale,75.2,0,0,0.175,0.0,254,254,121.86,30952.64,30952.64,5416.71,5416.71,0.1095,0.1049,0.01,0,0.0,0.0
100800,Premium,Central Europe,Direct,Budget,97.3,0,0,0.175,0.0,296,247,91.75,27157.08,22661.49,4752.49,3965.76,0.0366,0.0506,0.01,-49,-4495.59,-786.7299999999996
100801,Core,Central Europe,Mobile,Midscale,97.8,1,0,0.165,0.0,302,315,118.82,35883.3,37427.95,5920.74,6175.61,0.0587,0.0567,0.01,13,1544.6499999999942,254.8699999999999
100802,Long Tail,West Europe,Affiliate,Midscale,78.5,0,0,0.15,0.0,35,36,105.91,3706.96,3812.87,556.04,571.93,0.0989,0.0889,0.025,1,105.90999999999985,15.889999999999986
100803,Core,South Europe,Mobile,Budget,78.6,1,1,0.165,0.025,135,164,67.38,9096.42,11050.47,1500.91,1547.07,0.0701,0.0786,0.01,29,1954.0499999999993,46.159999999999854
100804,Growth,West Europe,Direct,Budget,74.3,1,1,0.155,0.025,197,216,83.07,16363.87,17942.11,2536.4,2332.47,0.1083,0.113,0.01,19,1578.2399999999998,-203.9300000000003
100805,Growth,Central Europe,Direct,Budget,89.1,1,1,0.155,0.025,121,122,88.59,10719.28,10807.87,1661.49,1405.02,0.0734,0.0895,0.01,1,88.59000000000015,-256.47
100806,Premium,North Europe,Affiliate,Budget,74.7,0,0,0.175,0.0,306,305,61.55,18834.25,18772.7,3295.99,3285.22,0.0789,0.0916,0.01,-1,-61.54999999999927,-10.769999999999982
100807,Growth,West Europe,Direct,Budget,73.8,1,0,0.155,0.0,151,147,69.53,10499.25,10221.13,1627.38,1584.27,0.0993,0.0924,0.01,-4,-278.1200000000008,-43.11000000000013
100808,Core,Central Europe,Mobile,Upscale,87.8,1,1,0.165,0.025,299,321,221.61,66261.97,71137.44,10933.23,9959.24,0.0923,0.1102,0.01,22,4875.470000000001,-973.9899999999998
100809,Long Tail,West Europe,Direct,Upscale,72.6,0,0,0.15,0.0,185,185,214.55,39690.83,39690.83,5953.63,5953.63,0.0781,0.0501,0.01,0,0.0,0.0
100810,Growth,South Europe,Mobile,Midscale,77.6,1,1,0.155,0.025,209,205,118.66,24799.05,24324.43,3843.85,3162.18,0.0877,0.135,0.01,-4,-474.619999999999,-681.6700000000001
100811,Growth,West Europe,Mobile,Midscale,62.2,0,0,0.155,0.0,183,156,151.31,27689.74,23604.37,4291.91,3658.68,0.1226,0.1369,0.025,-27,-4085.3700000000026,-633.23
100812,Long Tail,Central Europe,Affiliate,Midscale,85.0,0,0,0.15,0.0,83,85,147.65,12254.75,12550.05,1838.21,1882.51,0.0665,0.0739,0.01,2,295.2999999999993,44.299999999999955
100813,Core,Central Europe,Mobile,Upscale,97.4,1,0,0.165,0.0,231,260,218.41,50453.04,56786.97,8324.75,9369.85,0.0303,0.02,0.01,29,6333.93,1045.1000000000004
100814,Growth,West Europe,Direct,Budget,85.2,1,1,0.155,0.025,306,337,77.33,23661.62,26058.71,3667.55,3387.63,0.0469,0.0632,0.01,31,2397.09,-279.9200000000001
100815,Long Tail,South Europe,Affiliate,Budget,92.6,0,0,0.15,0.0,167,179,79.54,13283.32,14237.81,1992.5,2135.67,0.0666,0.0663,0.01,12,954.4899999999998,143.17000000000007
100816,Long Tail,West Europe,Direct,Budget,69.5,0,0,0.15,0.0,204,223,61.63,12573.54,13744.6,1886.03,2061.69,0.0698,0.0554,0.01,19,1171.0599999999995,175.66000000000008
100817,Core,South Europe,Mobile,Budget,80.4,1,0,0.165,0.0,180,184,73.51,13230.99,13525.01,2183.11,2231.63,0.082,0.058,0.01,4,294.02000000000044,48.51999999999998
100818,Core,South Europe,Mobile,Budget,68.6,1,1,0.165,0.025,165,159,76.39,12603.59,12145.28,2079.59,1700.34,0.1454,0.1743,0.01,-6,-458.3099999999995,-379.2500000000002
100819,Core,Central Europe,Corporate,Upscale,75.7,1,1,0.165,0.025,143,151,253.38,36233.46,38260.51,5978.52,5356.47,0.0614,0.0633,0.01,8,2027.050000000003,-622.0500000000002
100820,Growth,North Europe,Mobile,Upscale,85.7,1,0,0.155,0.0,454,503,307.39,139555.47,154617.62,21631.1,23965.73,0.0777,0.0848,0.01,49,15062.149999999994,2334.630000000001
100821,Core,North Europe,Corporate,Budget,79.0,1,0,0.165,0.0,117,123,72.74,8510.33,8946.76,1404.21,1476.22,0.1455,0.156,0.01,6,436.4300000000003,72.00999999999999
100822,Core,South Europe,Direct,Midscale,63.9,0,0,0.165,0.0,233,249,120.21,28008.66,29932.0,4621.43,4938.78,0.1192,0.1006,0.01,16,1923.3400000000001,317.34999999999945
100823,Core,West Europe,Corporate,Midscale,64.8,0,0,0.165,0.0,242,232,137.59,33297.36,31921.44,5494.06,5267.04,0.0988,0.0994,0.025,-10,-1375.920000000002,-227.02000000000044
100824,Premium,West Europe,Affiliate,Midscale,64.2,0,0,0.175,0.0,289,284,147.84,42724.69,41985.51,7476.82,7347.46,0.1048,0.1015,0.025,-5,-739.1800000000003,-129.35999999999967
100825,Growth,North Europe,Direct,Midscale,82.9,1,0,0.155,0.0,170,168,184.93,31438.35,31068.49,4872.94,4815.62,0.0986,0.0976,0.01,-2,-369.85999999999694,-57.31999999999971
100826,Core,West Europe,Affiliate,Budget,98.0,1,0,0.165,0.0,141,140,83.74,11806.81,11723.07,1948.12,1934.31,0.1135,0.111,0.01,-1,-83.73999999999978,-13.809999999999945
100827,Growth,Central Europe,Direct,Upscale,91.6,1,1,0.155,0.025,230,276,248.48,57150.37,68580.44,8858.31,8915.46,0.0649,0.054,0.01,46,11430.07,57.149999999999636
100828,Long Tail,North Europe,Direct,Upscale,59.0,0,0,0.15,0.0,145,114,217.81,31582.3,24830.22,4737.34,3724.53,0.0955,0.0592,0.01,-31,-6752.079999999998,-1012.81
100829,Growth,West Europe,Direct,Midscale,92.2,1,1,0.155,0.025,195,211,98.15,19139.48,20709.9,2966.62,2692.29,0.0431,0.0454,0.025,16,1570.420000000002,-274.3299999999999
100830,Core,Central Europe,Direct,Midscale,87.4,1,1,0.165,0.025,193,198,127.25,24559.13,25195.37,4052.26,3527.35,0.0855,0.0979,0.01,5,636.239999999998,-524.9100000000003
100831,Core,North Europe,Affiliate,Midscale,62.5,0,0,0.165,0.0,145,127,99.85,14478.27,12680.97,2388.91,2092.36,0.0754,0.0575,0.01,-18,-1797.300000000001,-296.5499999999997
100832,Core,South Europe,Mobile,Budget,75.0,1,0,0.165,0.0,204,216,100.07,20414.79,21615.66,3368.44,3566.58,0.0851,0.0908,0.01,12,1200.869999999999,198.13999999999987
100833,Core,West Europe,Affiliate,Budget,89.0,1,1,0.165,0.025,219,212,84.76,18561.94,17968.63,3062.72,2515.61,0.0584,0.0443,0.01,-7,-593.3099999999977,-547.1099999999997
100834,Premium,Central Europe,Affiliate,Midscale,83.5,0,0,0.175,0.0,430,416,92.01,39562.59,38274.51,6923.45,6698.04,0.1141,0.109,0.01,-14,-1288.0799999999945,-225.40999999999985
100835,Core,South Europe,Direct,Budget,64.9,0,0,0.165,0.0,224,261,89.09,19956.72,23253.14,3292.86,3836.77,0.0952,0.0859,0.01,37,3296.4199999999983,543.9099999999999
100836,Premium,Central Europe,Affiliate,Upscale,84.1,0,0,0.175,0.0,160,175,156.34,25014.6,27359.72,4377.56,4787.95,0.0965,0.1029,0.01,15,2345.1200000000026,410.3899999999994
100837,Long Tail,North Europe,Direct,Midscale,56.6,0,0,0.15,0.0,75,79,98.97,7422.93,7818.82,1113.44,1172.82,0.077,0.0674,0.01,4,395.8899999999994,59.37999999999988
100838,Core,West Europe,Mobile,Midscale,75.8,1,0,0.165,0.0,256,265,154.76,39618.5,41011.34,6537.05,6766.87,0.0991,0.0859,0.025,9,1392.8399999999965,229.8199999999997
100839,Core,South Europe,Direct,Budget,89.4,1,0,0.165,0.0,219,216,76.32,16714.3,16485.34,2757.86,2720.08,0.0506,0.0642,0.01,-3,-228.95999999999913,-37.7800000000002
100840,Growth,West Europe,Mobile,Upscale,78.2,1,1,0.155,0.025,422,538,179.09,75574.58,96348.63,11714.06,12525.32,0.0825,0.0848,0.01,116,20774.050000000003,811.2600000000002
100841,Premium,North Europe,Mobile,Budget,73.0,0,0,0.175,0.0,451,484,65.02,29322.89,31468.47,5131.51,5506.98,0.1542,0.1524,0.01,33,2145.5800000000017,375.46999999999935
100842,Core,North Europe,Affiliate,Budget,86.9,1,1,0.165,0.025,154,149,89.79,13827.94,13378.98,2281.61,1873.06,0.1068,0.1078,0.01,-5,-448.96000000000095,-408.5500000000002
100843,Core,Central Europe,Mobile,Budget,87.7,1,1,0.165,0.025,240,218,70.52,16924.76,15373.33,2792.59,2152.27,0.0793,0.0926,0.01,-22,-1551.4299999999985,-640.3200000000002
100844,Growth,South Europe,Direct,Midscale,91.1,1,1,0.155,0.025,156,179,148.05,23095.93,26501.1,3579.87,3445.14,0.1588,0.1465,0.01,23,3405.1699999999983,-134.73000000000002
100845,Long Tail,South Europe,Mobile,Upscale,86.7,0,0,0.15,0.0,186,185,253.14,47083.27,46830.14,7062.49,7024.52,0.0607,0.0644,0.01,-1,-253.12999999999738,-37.969999999999345
100846,Core,South Europe,Mobile,Budget,88.8,1,0,0.165,0.0,384,335,83.78,32172.05,28066.76,5308.39,4631.02,0.1104,0.092,0.01,-49,-4105.290000000001,-677.3699999999999
100847,Premium,West Europe,Mobile,Upscale,85.3,0,0,0.175,0.0,274,285,184.41,50527.08,52555.54,8842.24,9197.22,0.0469,0.0495,0.01,11,2028.4599999999991,354.97999999999956
100848,Growth,West Europe,Mobile,Budget,80.7,1,1,0.155,0.025,195,209,51.87,10114.37,10840.53,1567.73,1409.27,0.0843,0.1062,0.01,14,726.1599999999999,-158.46000000000004
100849,Long Tail,West Europe,Mobile,Midscale,78.9,0,0,0.15,0.0,159,167,139.41,22166.59,23281.89,3324.99,3492.28,0.0586,0.0689,0.025,8,1115.2999999999993,167.29000000000042
100850,Growth,South Europe,Corporate,Budget,75.6,1,1,0.155,0.025,299,339,76.05,22737.76,25779.6,3524.35,3351.35,0.1024,0.0991,0.01,40,3041.84,-173.0
100851,Growth,North Europe,Direct,Midscale,65.9,0,0,0.155,0.0,279,264,103.2,28793.78,27245.73,4463.04,4223.09,0.1082,0.1132,0.01,-15,-1548.0499999999993,-239.94999999999982
100852,Long Tail,Central Europe,Mobile,Midscale,68.4,0,0,0.15,0.0,111,117,148.18,16448.18,17337.27,2467.23,2600.59,0.0963,0.077,0.01,6,889.0900000000001,133.36000000000013
100853,Long Tail,Central Europe,Mobile,Midscale,75.2,0,0,0.15,0.0,107,102,135.93,14544.28,13864.64,2181.64,2079.7,0.1238,0.1225,0.01,-5,-679.6400000000012,-101.94000000000005
100854,Growth,West Europe,Affiliate,Budget,80.4,1,1,0.155,0.025,246,260,85.83,21115.26,22316.94,3272.86,2901.2,0.0765,0.0491,0.01,14,1201.6800000000003,-371.6600000000003
100855,Core,South Europe,Corporate,Upscale,92.4,1,0,0.165,0.0,197,188,294.71,58056.93,55404.59,9579.39,9141.76,0.0855,0.0851,0.01,-9,-2652.340000000004,-437.6299999999992
100856,Premium,North Europe,Direct,Upscale,77.6,0,0,0.175,0.0,372,410,284.29,105754.68,116557.58,18507.07,20397.58,0.1143,0.0865,0.01,38,10802.900000000009,1890.510000000002
100857,Long Tail,Central Europe,Affiliate,Midscale,88.0,0,0,0.15,0.0,130,127,171.17,22251.94,21738.44,3337.79,3260.77,0.0451,0.0266,0.01,-3,-513.5,-77.01999999999998
100858,Core,Central Europe,Direct,Midscale,88.8,1,0,0.165,0.0,224,252,134.51,30130.24,33896.52,4971.49,5592.93,0.0626,0.0769,0.01,28,3766.279999999995,621.4400000000005
100859,Core,Central Europe,Direct,Midscale,75.7,1,0,0.165,0.0,227,263,141.99,32230.69,37342.16,5318.06,6161.46,0.0973,0.1017,0.01,36,5111.470000000005,843.3999999999996
100860,Premium,West Europe,Mobile,Budget,83.9,0,0,0.175,0.0,150,140,94.62,14192.27,13246.11,2483.65,2318.07,0.1025,0.0982,0.01,-10,-946.1599999999999,-165.57999999999993
100861,Premium,North Europe,Direct,Upscale,75.6,0,0,0.175,0.0,198,146,167.66,33197.45,24478.93,5809.55,4283.81,0.1316,0.1207,0.01,-52,-8718.519999999997,-1525.7399999999998
100862,Premium,North Europe,Direct,Budget,91.2,0,0,0.175,0.0,502,549,118.56,59514.83,65086.94,10415.1,11390.21,0.0732,0.0602,0.01,47,5572.110000000001,975.1099999999988
100863,Core,North Europe,Direct,Midscale,84.4,1,0,0.165,0.0,285,276,142.36,40573.85,39292.57,6694.69,6483.27,0.0784,0.0808,0.01,-9,-1281.2799999999988,-211.41999999999916
100864,Growth,North Europe,Affiliate,Budget,66.1,0,0,0.155,0.0,179,165,102.94,18425.83,16984.71,2856.0,2632.63,0.0847,0.0806,0.01,-14,-1441.1200000000026,-223.3699999999999
100865,Long Tail,North Europe,Mobile,Budget,79.6,0,0,0.15,0.0,178,169,82.38,14662.77,13921.39,2199.42,2088.21,0.0998,0.1183,0.01,-9,-741.380000000001,-111.21000000000004
100866,Long Tail,Central Europe,Mobile,Midscale,94.5,0,0,0.15,0.0,230,221,86.76,19955.75,19174.87,2993.36,2876.23,0.0676,0.0654,0.01,-9,-780.880000000001,-117.13000000000011
100867,Premium,North Europe,Direct,Midscale,76.2,0,0,0.175,0.0,226,252,101.08,22844.86,25473.03,3997.85,4457.78,0.0885,0.0892,0.01,26,2628.1699999999983,459.92999999999984
100868,Growth,North Europe,Affiliate,Upscale,82.5,1,0,0.155,0.0,304,308,213.2,64813.03,65665.83,10046.02,10178.2,0.086,0.0693,0.01,4,852.8000000000029,132.1800000000003
100869,Growth,Central Europe,Affiliate,Upscale,83.5,1,1,0.155,0.025,291,352,179.59,52259.5,63214.24,8100.22,8217.85,0.1011,0.117,0.01,61,10954.739999999998,117.63000000000011
100870,Premium,South Europe,Affiliate,Budget,67.6,0,0,0.175,0.0,148,155,104.11,15407.69,16136.44,2696.35,2823.88,0.0908,0.0929,0.01,7,728.75,127.5300000000002
100871,Growth,South Europe,Direct,Budget,83.1,1,1,0.155,0.025,214,228,88.14,18862.25,20096.23,2923.65,2612.51,0.0684,0.0543,0.01,14,1233.9799999999996,-311.1399999999999
100872,Long Tail,South Europe,Direct,Midscale,64.1,0,0,0.15,0.0,210,203,130.99,27507.05,26590.15,4126.06,3988.52,0.1196,0.1138,0.01,-7,-916.8999999999978,-137.54000000000042
100873,Core,Central Europe,Affiliate,Midscale,71.7,1,0,0.165,0.0,356,374,148.75,52956.63,55634.21,8737.84,9179.65,0.03,0.0339,0.01,18,2677.5800000000017,441.8099999999995
100874,Premium,South Europe,Affiliate,Midscale,88.8,0,0,0.175,0.0,359,386,116.96,41987.1,45144.91,7347.74,7900.36,0.0663,0.0845,0.01,27,3157.810000000005,552.6199999999999
100875,Long Tail,West Europe,Affiliate,Upscale,81.6,0,0,0.15,0.0,114,124,207.43,23647.09,25721.39,3547.06,3858.21,0.0606,0.0623,0.01,10,2074.2999999999993,311.1500000000001
100876,Core,South Europe,Affiliate,Midscale,75.0,1,1,0.165,0.025,82,83,136.67,11206.61,11343.28,1849.09,1588.06,0.1268,0.1248,0.01,1,136.67000000000007,-261.03
100877,Core,West Europe,Mobile,Budget,82.5,1,1,0.165,0.025,160,168,95.46,15272.99,16036.64,2520.04,2245.13,0.0773,0.0882,0.01,8,763.6499999999996,-274.90999999999985
100878,Core,West Europe,Mobile,Midscale,77.4,1,1,0.165,0.025,124,133,129.11,16009.97,17171.98,2641.64,2404.08,0.08,0.1058,0.025,9,1162.0100000000002,-237.55999999999995
100879,Core,West Europe,Direct,Midscale,78.1,1,1,0.165,0.025,352,347,149.49,52621.13,51873.67,8682.49,7262.31,0.092,0.0853,0.025,-5,-747.4599999999991,-1420.1799999999994
100880,Core,North Europe,Mobile,Midscale,84.6,1,1,0.165,0.025,106,99,169.73,17991.74,16803.61,2968.64,2352.51,0.0712,0.0775,0.01,-7,-1188.130000000001,-616.1299999999997
100881,Core,South Europe,Mobile,Budget,70.7,1,0,0.165,0.0,126,117,50.1,6312.39,5861.51,1041.54,967.15,0.0913,0.0889,0.01,-9,-450.8800000000001,-74.38999999999999
100882,Long Tail,West Europe,Direct,Midscale,78.4,0,0,0.15,0.0,149,146,173.05,25785.0,25265.84,3867.75,3789.88,0.0953,0.1019,0.025,-3,-519.1599999999999,-77.86999999999989
100883,Core,North Europe,Affiliate,Midscale,74.9,1,0,0.165,0.0,198,210,121.54,24065.89,25524.43,3970.87,4211.53,0.0863,0.0958,0.01,12,1458.5400000000009,240.65999999999985
100884,Growth,West Europe,Direct,Budget,62.1,0,0,0.155,0.0,329,366,69.23,22775.86,25337.28,3530.26,3927.28,0.1002,0.1017,0.01,37,2561.4199999999983,397.02
100885,Core,Central Europe,Mobile,Midscale,68.8,1,1,0.165,0.025,233,213,145.76,33962.2,31046.99,5603.76,4346.58,0.0783,0.0636,0.01,-20,-2915.2099999999955,-1257.1800000000003
100886,Core,West Europe,Direct,Budget,93.7,1,1,0.165,0.025,214,210,99.18,21225.44,20828.71,3502.2,2916.02,0.0471,0.0546,0.01,-4,-396.72999999999956,-586.1799999999998
100887,Growth,South Europe,Mobile,Midscale,81.8,1,1,0.155,0.025,348,370,139.7,48616.93,51690.41,7535.62,6719.75,0.0906,0.096,0.01,22,3073.480000000003,-815.8699999999999
100888,Growth,Central Europe,Direct,Midscale,64.8,0,0,0.155,0.0,176,189,135.16,23788.52,25545.63,3687.22,3959.57,0.1157,0.1279,0.01,13,1757.1100000000006,272.35000000000036
100889,Premium,North Europe,Affiliate,Upscale,62.6,0,0,0.175,0.0,377,359,299.22,112805.89,107419.94,19741.03,18798.49,0.0747,0.0829,0.01,-18,-5385.949999999997,-942.5399999999972
100890,Core,South Europe,Corporate,Budget,76.9,1,1,0.165,0.025,146,145,94.15,13746.33,13652.18,2268.14,1911.3,0.1136,0.1187,0.01,-1,-94.14999999999964,-356.8399999999999
100891,Long Tail,West Europe,Direct,Budget,93.6,0,0,0.15,0.0,48,42,80.78,3877.29,3392.63,581.59,508.89,0.0951,0.1036,0.01,-6,-484.65999999999985,-72.70000000000005
100892,Growth,North Europe,Mobile,Budget,76.1,1,0,0.155,0.0,217,226,72.3,15688.42,16339.09,2431.71,2532.56,0.1198,0.109,0.01,9,650.6700000000001,100.84999999999991
100893,Growth,South Europe,Corporate,Midscale,91.1,1,0,0.155,0.0,107,105,133.49,14283.57,14016.59,2213.95,2172.57,0.0863,0.0887,0.01,-2,-266.97999999999956,-41.379999999999654
100894,Premium,Central Europe,Mobile,Budget,81.5,0,0,0.175,0.0,348,328,93.73,32618.02,30743.42,5708.15,5380.1,0.1054,0.109,0.01,-20,-1874.6000000000022,-328.0499999999993
100895,Long Tail,West Europe,Direct,Midscale,82.7,0,0,0.15,0.0,150,146,126.91,19036.59,18528.95,2855.49,2779.34,0.1427,0.1268,0.025,-4,-507.6399999999994,-76.14999999999964
100896,Core,West Europe,Mobile,Budget,64.6,0,0,0.165,0.0,314,346,67.35,21148.98,23304.29,3489.58,3845.21,0.1006,0.1063,0.01,32,2155.3100000000013,355.6300000000001
100897,Growth,West Europe,Direct,Budget,87.4,1,1,0.155,0.025,217,218,58.41,12675.39,12733.8,1964.68,1655.39,0.0568,0.066,0.01,1,58.409999999999854,-309.28999999999996
100898,Growth,West Europe,Direct,Midscale,74.7,1,0,0.155,0.0,126,116,193.45,24374.68,22440.18,3778.07,3478.23,0.0587,0.0536,0.025,-10,-1934.5,-299.84000000000015
100899,Core,South Europe,Mobile,Midscale,86.6,1,1,0.165,0.025,252,289,103.99,26206.66,30054.46,4324.1,4207.62,0.1276,0.1069,0.01,37,3847.7999999999993,-116.48000000000047
